{
  "content": [
    {
      "path": "de-DE.locPak",
      "size": 1,
      "date": 132400215225729553
    },
    {
      "path": "en-US.locPak",
      "size": 1,
      "date": 132400215225729553
    },
    {
      "path": "es-ES.locPak",
      "size": 1,
      "date": 132400215225729553
    },
    {
      "path": "fr-FR.locPak",
      "size": 1,
      "date": 132400215225729553
    },
    {
      "path": "it-IT.locPak",
      "size": 1,
      "date": 132400215225729553
    },
    {
      "path": "pl-PL.locPak",
      "size": 1,
      "date": 132400215225729553
    },
    {
      "path": "pt-BR.locPak",
      "size": 1,
      "date": 132400215225729553
    },
    {
      "path": "ru-RU.locPak",
      "size": 1,
      "date": 132400215225729553
    },
    {
      "path": "zh-CN.locPak",
      "size": 1,
      "date": 132400215225729553
    },
    {
      "path": "SimObjects/AirPlanes/Asobo_A320_NEO-WIDEROE/aircraft.cfg",
      "size": 10060,
      "date": 132367900270000000
    },
    {
      "path": "SimObjects/Airplanes/Asobo_A320_NEO-WIDEROE/MODEL.AIWIDEROE/model.cfg",
      "size": 1,
      "date": 132400215225729553
    },
    {
      "path": "SimObjects/AirPlanes/Asobo_A320_NEO-WIDEROE/TEXTURE.WIDEROE/A320NEO_AIRFRAME_ENGINES_ALBD.PNG.DDS",
      "size": 2796344,
      "date": 132398508758630094
    },
    {
      "path": "SimObjects/AirPlanes/Asobo_A320_NEO-WIDEROE/TEXTURE.WIDEROE/A320NEO_AIRFRAME_ENGINES_ALBD.PNG.DDS.json",
      "size": 102,
      "date": 132398508758580090
    },
    {
      "path": "SimObjects/AirPlanes/Asobo_A320_NEO-WIDEROE/TEXTURE.WIDEROE/A320NEO_AIRFRAME_FUSELAGE_ALBD.PNG.DDS",
      "size": 2796344,
      "date": 132398508745550481
    },
    {
      "path": "SimObjects/AirPlanes/Asobo_A320_NEO-WIDEROE/TEXTURE.WIDEROE/A320NEO_AIRFRAME_FUSELAGE_ALBD.PNG.DDS.json",
      "size": 102,
      "date": 132398508745510484
    },
    {
      "path": "SimObjects/AirPlanes/Asobo_A320_NEO-WIDEROE/TEXTURE.WIDEROE/A320NEO_AIRFRAME_WINGS_ALBD.PNG.DDS",
      "size": 2796344,
      "date": 132398508751510304
    },
    {
      "path": "SimObjects/AirPlanes/Asobo_A320_NEO-WIDEROE/TEXTURE.WIDEROE/A320NEO_AIRFRAME_WINGS_ALBD.PNG.DDS.json",
      "size": 102,
      "date": 132398508751470306
    },
    {
      "path": "SimObjects/AirPlanes/Asobo_A320_NEO-WIDEROE/TEXTURE.WIDEROE/A320NEO_AIRFRAME_LIVERY_ALBD.PNG.DDS",
      "size": 5592560,
      "date": 132398507575965146
    },
    {
      "path": "SimObjects/AirPlanes/Asobo_A320_NEO-WIDEROE/TEXTURE.WIDEROE/A320NEO_AIRFRAME_LIVERY_ALBD.PNG.DDS.json",
      "size": 119,
      "date": 132398507575895148
    },
    {
      "path": "SimObjects/AirPlanes/Asobo_A320_NEO-WIDEROE/TEXTURE.WIDEROE/A320NEO_AIRFRAME_LIVERY_TEXTS_ALBD.PNG.DDS",
      "size": 5592560,
      "date": 132398507200106298
    },
    {
      "path": "SimObjects/AirPlanes/Asobo_A320_NEO-WIDEROE/TEXTURE.WIDEROE/A320NEO_AIRFRAME_LIVERY_TEXTS_ALBD.PNG.DDS.json",
      "size": 119,
      "date": 132398507200036293
    },
    {
      "path": "SimObjects/AirPlanes/Asobo_A320_NEO-WIDEROE/TEXTURE.WIDEROE/texture.CFG",
      "size": 166,
      "date": 132243417610000000
    },
    {
      "path": "SimObjects/AirPlanes/Asobo_A320_NEO-WIDEROE/TEXTURE.WIDEROE/thumbnail.JPG",
      "size": 236335,
      "date": 132200099790000000
    },
    {
      "path": "SimObjects/AirPlanes/Asobo_A320_NEO-WIDEROE/TEXTURE.WIDEROE/thumbnail_small.JPG",
      "size": 33608,
      "date": 132270122080000000
    },
    {
      "path": "SimObjects/AirPlanes/Asobo_A320_NEO-WIDEROE/MODEL.MAIN/model.CFG",
      "size": 10060,
      "date": 132367900270000000
    }
  ]
}