{
  "content": [
    {
      "path": "manifest.json",
      "size": 1,
      "date": 132400215225729553
    },
    {
      "path": "SimObjects/Airplanes/Tomorrowland/aircraft.cfg",
      "size": 1,
      "date": 132400215225729553
    },
    {
      "path": "SimObjects/AirPlanes/Tomorrowland/MODEL.Tomorrowland/model.cfg",
      "size": 1,
      "date": 132400215225729553
    },
    {
      "path": "SimObjects/Airplanes/Tomorrowland/TEXTURE.Tomorrowland/A320NEO_AIRFRAME_ENGINES_ALBD.PNG.DDS",
      "size": 1,
      "date": 132400215225729553
    },
    {
      "path": "SimObjects/Airplanes/Tomorrowland/TEXTURE.Tomorrowland/A320NEO_AIRFRAME_ENGINES_ALBD.PNG.DDS.json",
      "size": 1,
      "date": 132400215225729553
    },
    {
      "path": "SimObjects/Airplanes/Tomorrowland/TEXTURE.Tomorrowland/A320NEO_AIRFRAME_ENGINES_COMP.PNG.DDS",
      "size": 1,
      "date": 132400215225729553
    },
    {
      "path": "SimObjects/Airplanes/Tomorrowland/TEXTURE.Tomorrowland/A320NEO_AIRFRAME_ENGINES_COMP.PNG.DDS.json",
      "size": 1,
      "date": 132400215225729553
    },
    {
      "path": "SimObjects/Airplanes/Tomorrowland/TEXTURE.Tomorrowland/A320NEO_AIRFRAME_ENGINES_NORM.PNG.DDS",
      "size": 1,
      "date": 132400215225729553
    },
    {
      "path": "SimObjects/Airplanes/Tomorrowland/TEXTURE.Tomorrowland/A320NEO_AIRFRAME_ENGINES_NORM.PNG.DDS.json",
      "size": 1,
      "date": 132400215225729553
    },
    {
      "path": "SimObjects/Airplanes/Tomorrowland/TEXTURE.Tomorrowland/A320NEO_AIRFRAME_FUSELAGE_ALBD.PNG.dds",
      "size": 1,
      "date": 132400215225729553
    },
    {
      "path": "SimObjects/Airplanes/Tomorrowland/TEXTURE.Tomorrowland/A320NEO_AIRFRAME_FUSELAGE_ALBD.PNG.DDS.json",
      "size": 1,
      "date": 132400215225729553
    },
    {
      "path": "SimObjects/Airplanes/Tomorrowland/TEXTURE.Tomorrowland/A320NEO_AIRFRAME_FUSELAGE_COMP.PNG.dds",
      "size": 1,
      "date": 132400215225729553
    },
    {
      "path": "SimObjects/Airplanes/Tomorrowland/TEXTURE.Tomorrowland/A320NEO_AIRFRAME_FUSELAGE_COMP.PNG.DDS.json",
      "size": 1,
      "date": 132400215225729553
    },
    {
      "path": "SimObjects/Airplanes/Tomorrowland/TEXTURE.Tomorrowland/A320NEO_AIRFRAME_FUSELAGE_NORM.PNG.dds",
      "size": 1,
      "date": 132400215225729553
    },
    {
      "path": "SimObjects/Airplanes/Tomorrowland/TEXTURE.Tomorrowland/A320NEO_AIRFRAME_FUSELAGE_NORM.PNG.DDS.json",
      "size": 1,
      "date": 132400215225729553
    },
    {
      "path": "SimObjects/Airplanes/Tomorrowland/TEXTURE.Tomorrowland/A320NEO_AIRFRAME_LIVERY_ALBD.PNG.DDS",
      "size": 1,
      "date": 132400215225729553
    },
    {
      "path": "SimObjects/Airplanes/Tomorrowland/TEXTURE.Tomorrowland/A320NEO_AIRFRAME_LIVERY_ALBD.PNG.DDS.json",
      "size": 1,
      "date": 132400215225729553
    },
    {
      "path": "SimObjects/Airplanes/Tomorrowland/TEXTURE.Tomorrowland/A320NEO_AIRFRAME_LIVERY_TEXTS_ALBD.PNG.dds",
      "size": 1,
      "date": 132400215225729553
    },
    {
      "path": "SimObjects/Airplanes/Tomorrowland/TEXTURE.Tomorrowland/A320NEO_AIRFRAME_LIVERY_TEXTS_ALBD.PNG.DDS.json",
      "size": 1,
      "date": 132400215225729553
    },
    {
      "path": "SimObjects/Airplanes/Tomorrowland/TEXTURE.Tomorrowland/A320NEO_AIRFRAME_REARLANDING_ALBD.PNG.DDS",
      "size": 1,
      "date": 132400215225729553
    },
    {
      "path": "SimObjects/Airplanes/Tomorrowland/TEXTURE.Tomorrowland/A320NEO_AIRFRAME_REARLANDING_ALBD.PNG.DDS.json",
      "size": 1,
      "date": 132400215225729553
    },
    {
      "path": "SimObjects/Airplanes/Tomorrowland/TEXTURE.Tomorrowland/A320NEO_AIRFRAME_REARLANDING_COMP.PNG.DDS",
      "size": 1,
      "date": 132400215225729553
    },
    {
      "path": "SimObjects/Airplanes/Tomorrowland/TEXTURE.Tomorrowland/A320NEO_AIRFRAME_REARLANDING_COMP.PNG.DDS.json",
      "size": 1,
      "date": 132400215225729553
    },
    {
      "path": "SimObjects/Airplanes/Tomorrowland/TEXTURE.Tomorrowland/A320NEO_AIRFRAME_REARLANDING_NORM.PNG.DDS",
      "size": 1,
      "date": 132400215225729553
    },
    {
      "path": "SimObjects/Airplanes/Tomorrowland/TEXTURE.Tomorrowland/A320NEO_AIRFRAME_REARLANDING_NORM.PNG.DDS.json",
      "size": 1,
      "date": 132400215225729553
    },
    {
      "path": "SimObjects/Airplanes/Tomorrowland/TEXTURE.Tomorrowland/A320NEO_AIRFRAME_WINGS_ALBD.PNG.DDS",
      "size": 1,
      "date": 132400215225729553
    },
    {
      "path": "SimObjects/Airplanes/Tomorrowland/TEXTURE.Tomorrowland/A320NEO_AIRFRAME_WINGS_ALBD.PNG.DDS.json",
      "size": 1,
      "date": 132400215225729553
    },
    {
      "path": "SimObjects/Airplanes/Tomorrowland/TEXTURE.Tomorrowland/A320NEO_AIRFRAME_WINGS_COMP.PNG.DDS",
      "size": 1,
      "date": 132400215225729553
    },
    {
      "path": "SimObjects/Airplanes/Tomorrowland/TEXTURE.Tomorrowland/A320NEO_AIRFRAME_WINGS_COMP.PNG.DDS.json",
      "size": 1,
      "date": 132400215225729553
    },
    {
      "path": "SimObjects/Airplanes/Tomorrowland/TEXTURE.Tomorrowland/A320NEO_AIRFRAME_WINGS_NORM.PNG.DDS",
      "size": 1,
      "date": 132400215225729553
    },
    {
      "path": "SimObjects/Airplanes/Tomorrowland/TEXTURE.Tomorrowland/A320NEO_AIRFRAME_WINGS_NORM.PNG.DDS.json",
      "size": 1,
      "date": 132400215225729553
    },
    {
      "path": "SimObjects/Airplanes/Tomorrowland/TEXTURE.Tomorrowland/texture.CFG",
      "size": 1,
      "date": 132400215225729553
    },
    {
      "path": "SimObjects/Airplanes/Tomorrowland/TEXTURE.Tomorrowland/thumbnail.jpg",
      "size": 1,
      "date": 132400215225729553
    },
    {
      "path": "SimObjects/Airplanes/Tomorrowland/TEXTURE.Tomorrowland/thumbnail_small.jpg",
      "size": 1,
      "date": 132400215225729553
    }
  ]
}