{
  "content": [
	{
	  "path": "SimObjects/AirPlanes/Asobo_A320_NEO-COTE/aircraft.cfg",
	  "size": 4151,
	  "date": 1604099422639
	},
	{
	  "path": "SimObjects/AirPlanes/Asobo_A320_NEO-COTE/MODEL.AICOTE/model.cfg",
	  "size": 249,
	  "date": 1600546964000
	},
	{
	  "path": "SimObjects/AirPlanes/Asobo_A320_NEO-COTE/MODEL.MAIN/model.cfg",
	  "size": 938,
	  "date": 1604083776201
	},
	{
	  "path": "SimObjects/AirPlanes/Asobo_A320_NEO-COTE/TEXTURE.COTE/A320NEO_AIRFRAME_ENGINES_ALBD.PNG.DDS",
	  "size": 2796344,
	  "date": 1602788643417
	},
	{
	  "path": "SimObjects/AirPlanes/Asobo_A320_NEO-COTE/TEXTURE.COTE/A320NEO_AIRFRAME_ENGINES_ALBD.PNG.DDS.json",
	  "size": 102,
	  "date": 1599515674000
	},
	{
	  "path": "SimObjects/AirPlanes/Asobo_A320_NEO-COTE/TEXTURE.COTE/A320NEO_AIRFRAME_ENGINES_COMP.PNG.DDS",
	  "size": 4194432,
	  "date": 1602689989246
	},
	{
	  "path": "SimObjects/AirPlanes/Asobo_A320_NEO-COTE/TEXTURE.COTE/A320NEO_AIRFRAME_ENGINES_COMP.PNG.DDS.json",
	  "size": 191,
	  "date": 1597736550000
	},
	{
	  "path": "SimObjects/AirPlanes/Asobo_A320_NEO-COTE/TEXTURE.COTE/A320NEO_AIRFRAME_FUSELAGE_ALBD.PNG.dds",
	  "size": 16777344,
	  "date": 1603698092197
	},
	{
	  "path": "SimObjects/AirPlanes/Asobo_A320_NEO-COTE/TEXTURE.COTE/A320NEO_AIRFRAME_FUSELAGE_ALBD.PNG.DDS.json",
	  "size": 102,
	  "date": 1599515674000
	},
	{
	  "path": "SimObjects/AirPlanes/Asobo_A320_NEO-COTE/TEXTURE.COTE/A320NEO_AIRFRAME_FUSELAGE_COMP.PNG.DDS",
	  "size": 4194432,
	  "date": 1603514797993
	},
	{
	  "path": "SimObjects/AirPlanes/Asobo_A320_NEO-COTE/TEXTURE.COTE/A320NEO_AIRFRAME_FUSELAGE_COMP.PNG.DDS.json",
	  "size": 191,
	  "date": 1597736550000
	},
	{
	  "path": "SimObjects/AirPlanes/Asobo_A320_NEO-COTE/TEXTURE.COTE/A320NEO_AIRFRAME_LIVERY_ALBD.PNG.DDS",
	  "size": 4194432,
	  "date": 1603515394650
	},
	{
	  "path": "SimObjects/AirPlanes/Asobo_A320_NEO-COTE/TEXTURE.COTE/A320NEO_AIRFRAME_LIVERY_ALBD.PNG.DDS.json",
	  "size": 119,
	  "date": 1599515674000
	},
	{
	  "path": "SimObjects/AirPlanes/Asobo_A320_NEO-COTE/TEXTURE.COTE/A320NEO_AIRFRAME_LIVERY_TEXTS_ALBD.PNG.dds",
	  "size": 4194432,
	  "date": 1600298090000
	},
	{
	  "path": "SimObjects/AirPlanes/Asobo_A320_NEO-COTE/TEXTURE.COTE/A320NEO_AIRFRAME_LIVERY_TEXTS_ALBD.PNG.DDS.json",
	  "size": 119,
	  "date": 1599515674000
	},
	{
	  "path": "SimObjects/AirPlanes/Asobo_A320_NEO-COTE/TEXTURE.COTE/A320NEO_AIRFRAME_WINGS_ALBD.PNG.DDS",
	  "size": 16777344,
	  "date": 1603698899795
	},
	{
	  "path": "SimObjects/AirPlanes/Asobo_A320_NEO-COTE/TEXTURE.COTE/A320NEO_AIRFRAME_WINGS_ALBD.PNG.DDS.json",
	  "size": 102,
	  "date": 1599515674000
	},
	{
	  "path": "SimObjects/AirPlanes/Asobo_A320_NEO-COTE/TEXTURE.COTE/A320NEO_AIRFRAME_WINGS_COMP.PNG.DDS",
	  "size": 4194432,
	  "date": 1602690027383
	},
	{
	  "path": "SimObjects/AirPlanes/Asobo_A320_NEO-COTE/TEXTURE.COTE/A320NEO_AIRFRAME_WINGS_COMP.PNG.DDS.json",
	  "size": 191,
	  "date": 1600342982000
	},
	{
	  "path": "SimObjects/AirPlanes/Asobo_A320_NEO-COTE/TEXTURE.COTE/texture.CFG",
	  "size": 205,
	  "date": 1599515674000
	},
	{
	  "path": "SimObjects/AirPlanes/Asobo_A320_NEO-COTE/TEXTURE.COTE/thumbnail.jpg",
	  "size": 46281,
	  "date": 1603699235352
	},
	{
	  "path": "SimObjects/AirPlanes/Asobo_A320_NEO-COTE/TEXTURE.COTE/thumbnail_small.jpg",
	  "size": 9698,
	  "date": 1603699235375
	}
  ]
}
