{
  "content": [
    {
      "path": "SimObjects/Airplanes/Asobo_CJ4-INTER/aircraft.cfg",
      "size": 1,
      "date": 132400215225729553
    },
    {
      "path": "SimObjects/Airplanes/Asobo_CJ4-INTER/TEXTURE.INTER/CESSNA_CJ4_AIRFRAME_ENGINE_ALBD.PNG.DDS",
      "size": 1,
      "date": 132400215225729553
    },
    {
      "path": "SimObjects/Airplanes/Asobo_CJ4-INTER/TEXTURE.INTER/CESSNA_CJ4_AIRFRAME_ENGINE_ALBD.PNG.DDS.json",
      "size": 1,
      "date": 132400215225729553
    },
    {
      "path": "SimObjects/Airplanes/Asobo_CJ4-INTER/TEXTURE.INTER/CESSNA_CJ4_AIRFRAME_FRONTGEAR_ALBD.PNG.DDS",
      "size": 1,
      "date": 132400215225729553
    },
    {
      "path": "SimObjects/Airplanes/Asobo_CJ4-INTER/TEXTURE.INTER/CESSNA_CJ4_AIRFRAME_FRONTGEAR_ALBD.PNG.DDS.json",
      "size": 1,
      "date": 132400215225729553
    },
    {
      "path": "SimObjects/Airplanes/Asobo_CJ4-INTER/TEXTURE.INTER/CESSNA_CJ4_AIRFRAME_FUSELAGE_ALBD.PNG.DDS",
      "size": 1,
      "date": 132400215225729553
    },
    {
      "path": "SimObjects/Airplanes/Asobo_CJ4-INTER/TEXTURE.INTER/CESSNA_CJ4_AIRFRAME_FUSELAGE_ALBD.PNG.DDS.json",
      "size": 1,
      "date": 132400215225729553
    },
    {
      "path": "SimObjects/Airplanes/Asobo_CJ4-INTER/TEXTURE.INTER/CESSNA_CJ4_AIRFRAME_LIVERY_ALBD.PNG.DDS",
      "size": 1,
      "date": 132400215225729553
    },
    {
      "path": "SimObjects/Airplanes/Asobo_CJ4-INTER/TEXTURE.INTER/CESSNA_CJ4_AIRFRAME_LIVERY_ALBD.PNG.DDS.json",
      "size": 1,
      "date": 132400215225729553
    },
    {
      "path": "SimObjects/Airplanes/Asobo_CJ4-INTER/TEXTURE.INTER/CESSNA_CJ4_AIRFRAME_REARGEAR_ALBD.PNG.DDS",
      "size": 1,
      "date": 132400215225729553
    },
    {
      "path": "SimObjects/Airplanes/Asobo_CJ4-INTER/TEXTURE.INTER/CESSNA_CJ4_AIRFRAME_REARGEAR_ALBD.PNG.DDS.json",
      "size": 1,
      "date": 132400215225729553
    },
    {
      "path": "SimObjects/Airplanes/Asobo_CJ4-INTER/TEXTURE.INTER/CESSNA_CJ4_AIRFRAME_TEXT_ALBD.PNG.DDS",
      "size": 1,
      "date": 132400215225729553
    },
    {
      "path": "SimObjects/Airplanes/Asobo_CJ4-INTER/TEXTURE.INTER/CESSNA_CJ4_AIRFRAME_TEXT_ALBD.PNG.DDS.FLAGS",
      "size": 1,
      "date": 132400215225729553
    },
    {
      "path": "SimObjects/Airplanes/Asobo_CJ4-INTER/TEXTURE.INTER/CESSNA_CJ4_AIRFRAME_TEXT_ALBD.PNG.DDS.json",
      "size": 1,
      "date": 132400215225729553
    },
    {
      "path": "SimObjects/Airplanes/Asobo_CJ4-INTER/TEXTURE.INTER/CESSNA_CJ4_AIRFRAME_WING_ALBD.PNG.DDS",
      "size": 1,
      "date": 132400215225729553
    },
    {
      "path": "SimObjects/Airplanes/Asobo_CJ4-INTER/TEXTURE.INTER/CESSNA_CJ4_AIRFRAME_WING_ALBD.PNG.DDS.json",
      "size": 1,
      "date": 132400215225729553
    },
    {
      "path": "SimObjects/Airplanes/Asobo_CJ4-INTER/TEXTURE.INTER/texture.CFG",
      "size": 1,
      "date": 132400215225729553
    },
    {
      "path": "SimObjects/Airplanes/Asobo_CJ4-INTER/TEXTURE.INTER/thumbnail.jpg",
      "size": 1,
      "date": 132400215225729553
    },
    {
      "path": "SimObjects/Airplanes/Asobo_CJ4-INTER/TEXTURE.INTER/thumbnail_small.jpg",
      "size": 1,
      "date": 132400215225729553
    },
    {
      "path": "SimObjects/Airplanes/Asobo_CJ4-INTER/MODEL.MAIN/model.CFG",
      "size": 1,
      "date": 132400215225729553
    }
  ]
}