{
  "content": [
    {
      "path": "SimObjects/Airplanes/Asobo_XCub-rugged/aircraft.cfg",
      "size": 1985,
      "date": 132486691686671881
    },
    {
      "path": "SimObjects/Airplanes/Asobo_XCub-rugged/MODEL.MAIN/model.CFG",
      "size": 715,
      "date": 132486691681140630
    },
    {
      "path": "SimObjects/Airplanes/Asobo_XCub-rugged/TEXTURE.RUGGED/CUB_CRAFTER_XCUB_AIRFRAME_DECALS_ALBD.PNG.DDS",
      "size": 5592580,
      "date": 132448675420000000
    },
    {
      "path": "SimObjects/Airplanes/Asobo_XCub-rugged/TEXTURE.RUGGED/CUB_CRAFTER_XCUB_AIRFRAME_DECALS_ALBD.PNG.DDS.FLAGS",
      "size": 18,
      "date": 132448675420000000
    },
    {
      "path": "SimObjects/Airplanes/Asobo_XCub-rugged/TEXTURE.RUGGED/CUB_CRAFTER_XCUB_AIRFRAME_DECALS_ALBD.PNG.DDS.json",
      "size": 119,
      "date": 132448675420000000
    },
    {
      "path": "SimObjects/Airplanes/Asobo_XCub-rugged/TEXTURE.RUGGED/CUB_CRAFTER_XCUB_AIRFRAME_DETAILS_ALBD.PNG.DDS",
      "size": 5592580,
      "date": 132448675420000000
    },
    {
      "path": "SimObjects/Airplanes/Asobo_XCub-rugged/TEXTURE.RUGGED/CUB_CRAFTER_XCUB_AIRFRAME_DETAILS_ALBD.PNG.DDS.json",
      "size": 102,
      "date": 132448675420000000
    },
    {
      "path": "SimObjects/Airplanes/Asobo_XCub-rugged/TEXTURE.RUGGED/CUB_CRAFTER_XCUB_AIRFRAME_EMISSIVE_ALBD.PNG.DDS",
      "size": 2796344,
      "date": 132448675420000000
    },
    {
      "path": "SimObjects/Airplanes/Asobo_XCub-rugged/TEXTURE.RUGGED/CUB_CRAFTER_XCUB_AIRFRAME_EMISSIVE_ALBD.PNG.DDS.json",
      "size": 102,
      "date": 132448675420000000
    },
    {
      "path": "SimObjects/Airplanes/Asobo_XCub-rugged/TEXTURE.RUGGED/CUB_CRAFTER_XCUB_AIRFRAME_FUSELAGE_ALBD.PNG.DDS",
      "size": 5592580,
      "date": 132448675420000000
    },
    {
      "path": "SimObjects/Airplanes/Asobo_XCub-rugged/TEXTURE.RUGGED/CUB_CRAFTER_XCUB_AIRFRAME_FUSELAGE_ALBD.PNG.DDS.json",
      "size": 102,
      "date": 132448675420000000
    },
    {
      "path": "SimObjects/Airplanes/Asobo_XCub-rugged/TEXTURE.RUGGED/CUB_CRAFTER_XCUB_AIRFRAME_FUSELAGE_COMP.PNG.DDS",
      "size": 5592580,
      "date": 132448675420000000
    },
    {
      "path": "SimObjects/Airplanes/Asobo_XCub-rugged/TEXTURE.RUGGED/CUB_CRAFTER_XCUB_AIRFRAME_FUSELAGE_COMP.PNG.DDS.json",
      "size": 191,
      "date": 132448675420000000
    },
    {
      "path": "SimObjects/Airplanes/Asobo_XCub-rugged/TEXTURE.RUGGED/CUB_CRAFTER_XCUB_AIRFRAME_LIVERY_DECALS_ALBD.PNG.DDS",
      "size": 5592580,
      "date": 132448675420000000
    },
    {
      "path": "SimObjects/Airplanes/Asobo_XCub-rugged/TEXTURE.RUGGED/CUB_CRAFTER_XCUB_AIRFRAME_LIVERY_DECALS_ALBD.PNG.DDS.json",
      "size": 102,
      "date": 132448675420000000
    },
    {
      "path": "SimObjects/Airplanes/Asobo_XCub-rugged/TEXTURE.RUGGED/CUB_CRAFTER_XCUB_AIRFRAME_PROP_BLURRED_ALBD.PNG.DDS",
      "size": 5592580,
      "date": 132448675420000000
    },
    {
      "path": "SimObjects/Airplanes/Asobo_XCub-rugged/TEXTURE.RUGGED/CUB_CRAFTER_XCUB_AIRFRAME_PROP_BLURRED_ALBD.PNG.DDS.json",
      "size": 119,
      "date": 132448675420000000
    },
    {
      "path": "SimObjects/Airplanes/Asobo_XCub-rugged/TEXTURE.RUGGED/CUB_CRAFTER_XCUB_AIRFRAME_PROP_STILL_ALBD.PNG.DDS",
      "size": 5592580,
      "date": 132448675420000000
    },
    {
      "path": "SimObjects/Airplanes/Asobo_XCub-rugged/TEXTURE.RUGGED/CUB_CRAFTER_XCUB_AIRFRAME_PROP_STILL_ALBD.PNG.DDS.json",
      "size": 102,
      "date": 132448675420000000
    },
    {
      "path": "SimObjects/Airplanes/Asobo_XCub-rugged/TEXTURE.RUGGED/CUB_CRAFTER_XCUB_AIRFRAME_WHEEL_BLURRED_ALBD.PNG.DDS",
      "size": 349680,
      "date": 132448675420000000
    },
    {
      "path": "SimObjects/Airplanes/Asobo_XCub-rugged/TEXTURE.RUGGED/CUB_CRAFTER_XCUB_AIRFRAME_WHEEL_BLURRED_ALBD.PNG.DDS.json",
      "size": 119,
      "date": 132448675420000000
    },
    {
      "path": "SimObjects/Airplanes/Asobo_XCub-rugged/TEXTURE.RUGGED/CUB_CRAFTER_XCUB_AIRFRAME_WHEEL_STILL_ALBD.PNG.DDS",
      "size": 5592580,
      "date": 132448675420000000
    },
    {
      "path": "SimObjects/Airplanes/Asobo_XCub-rugged/TEXTURE.RUGGED/CUB_CRAFTER_XCUB_AIRFRAME_WHEEL_STILL_ALBD.PNG.DDS.json",
      "size": 102,
      "date": 132448675420000000
    },
    {
      "path": "SimObjects/Airplanes/Asobo_XCub-rugged/TEXTURE.RUGGED/CUB_CRAFTER_XCUB_AIRFRAME_WINGS_ALBD.PNG.DDS",
      "size": 5592580,
      "date": 132448675440000000
    },
    {
      "path": "SimObjects/Airplanes/Asobo_XCub-rugged/TEXTURE.RUGGED/CUB_CRAFTER_XCUB_AIRFRAME_WINGS_ALBD.PNG.DDS.json",
      "size": 102,
      "date": 132448675440000000
    },
    {
      "path": "SimObjects/Airplanes/Asobo_XCub-rugged/TEXTURE.RUGGED/CUB_CRAFTER_XCUB_AIRFRAME_WINGS_ALBD.PNG.psd",
      "size": 21467770,
      "date": 132448675440000000
    },
    {
      "path": "SimObjects/Airplanes/Asobo_XCub-rugged/TEXTURE.RUGGED/CUB_CRAFTER_XCUB_AIRFRAME_WINGS_COMP.PNG.DDS",
      "size": 5592580,
      "date": 132448675440000000
    },
    {
      "path": "SimObjects/Airplanes/Asobo_XCub-rugged/TEXTURE.RUGGED/CUB_CRAFTER_XCUB_AIRFRAME_WINGS_COMP.PNG.DDS.json",
      "size": 191,
      "date": 132448675440000000
    },
    {
      "path": "SimObjects/Airplanes/Asobo_XCub-rugged/TEXTURE.RUGGED/CUB_CRAFTER_XCUB_COCKPIT_INPUTS_ALBD.PNG.DDS",
      "size": 5592580,
      "date": 132448675440000000
    },
    {
      "path": "SimObjects/Airplanes/Asobo_XCub-rugged/TEXTURE.RUGGED/CUB_CRAFTER_XCUB_COCKPIT_INPUTS_ALBD.PNG.DDS.json",
      "size": 119,
      "date": 132448675440000000
    },
    {
      "path": "SimObjects/Airplanes/Asobo_XCub-rugged/TEXTURE.RUGGED/CUB_CRAFTER_XCUB_COCKPIT_INPUTS_COMP.PNG.DDS",
      "size": 5592580,
      "date": 132448675440000000
    },
    {
      "path": "SimObjects/Airplanes/Asobo_XCub-rugged/TEXTURE.RUGGED/CUB_CRAFTER_XCUB_COCKPIT_INPUTS_COMP.PNG.DDS.json",
      "size": 191,
      "date": 132448675440000000
    },
    {
      "path": "SimObjects/Airplanes/Asobo_XCub-rugged/TEXTURE.RUGGED/CUB_CRAFTER_XCUB_COCKPIT_MAIN_INTERIOR_ALBD.PNG.DDS",
      "size": 5592580,
      "date": 132448675440000000
    },
    {
      "path": "SimObjects/Airplanes/Asobo_XCub-rugged/TEXTURE.RUGGED/CUB_CRAFTER_XCUB_COCKPIT_MAIN_INTERIOR_ALBD.PNG.DDS.json",
      "size": 102,
      "date": 132448675440000000
    },
    {
      "path": "SimObjects/Airplanes/Asobo_XCub-rugged/TEXTURE.RUGGED/CUB_CRAFTER_XCUB_COCKPIT_MAIN_INTERIOR_COMP.PNG.DDS",
      "size": 5592580,
      "date": 132448675440000000
    },
    {
      "path": "SimObjects/Airplanes/Asobo_XCub-rugged/TEXTURE.RUGGED/CUB_CRAFTER_XCUB_COCKPIT_MAIN_INTERIOR_COMP.PNG.DDS.json",
      "size": 191,
      "date": 132448675440000000
    },
    {
      "path": "SimObjects/Airplanes/Asobo_XCub-rugged/TEXTURE.RUGGED/CUB_CRAFTER_XCUB_COCKPIT_SEATS_ALBD.PNG.DDS",
      "size": 5592580,
      "date": 132448675440000000
    },
    {
      "path": "SimObjects/Airplanes/Asobo_XCub-rugged/TEXTURE.RUGGED/CUB_CRAFTER_XCUB_COCKPIT_SEATS_ALBD.PNG.DDS.json",
      "size": 102,
      "date": 132448675440000000
    },
    {
      "path": "SimObjects/Airplanes/Asobo_XCub-rugged/TEXTURE.RUGGED/CUB_CRAFTER_XCUB_COCKPIT_SECONDARY_INTERIOR_ALBD.PNG.DDS",
      "size": 5592580,
      "date": 132448675440000000
    },
    {
      "path": "SimObjects/Airplanes/Asobo_XCub-rugged/TEXTURE.RUGGED/CUB_CRAFTER_XCUB_COCKPIT_SECONDARY_INTERIOR_ALBD.PNG.DDS.json",
      "size": 102,
      "date": 132448675440000000
    },
    {
      "path": "SimObjects/Airplanes/Asobo_XCub-rugged/TEXTURE.RUGGED/CUB_CRAFTER_XCUB_COCKPIT_SECONDARY_INTERIOR_COMP.PNG.DDS",
      "size": 5592580,
      "date": 132448675440000000
    },
    {
      "path": "SimObjects/Airplanes/Asobo_XCub-rugged/TEXTURE.RUGGED/CUB_CRAFTER_XCUB_COCKPIT_SECONDARY_INTERIOR_COMP.PNG.DDS.json",
      "size": 191,
      "date": 132448675440000000
    },
    {
      "path": "SimObjects/Airplanes/Asobo_XCub-rugged/TEXTURE.RUGGED/debug.log",
      "size": 77,
      "date": 132448675440000000
    },
    {
      "path": "SimObjects/Airplanes/Asobo_XCub-rugged/TEXTURE.RUGGED/SCREENCAPTURE1_LE.PNG",
      "size": 7143074,
      "date": 132448675440000000
    },
    {
      "path": "SimObjects/Airplanes/Asobo_XCub-rugged/TEXTURE.RUGGED/texture.CFG",
      "size": 303,
      "date": 132448675440000000
    },
    {
      "path": "SimObjects/Airplanes/Asobo_XCub-rugged/TEXTURE.RUGGED/thumbnail.JPG",
      "size": 2349908,
      "date": 132448675440000000
    },
    {
      "path": "SimObjects/Airplanes/Asobo_XCub-rugged/TEXTURE.RUGGED/thumbnail_small.JPG",
      "size": 2350097,
      "date": 132448675440000000
    }
  ]
}