{
  "content": [
    {
      "path": "SimObjects/Airplanes/Asobo_Icon-VRED/aircraft.cfg",
      "size": 1,
      "date": 132400215225729553
    },
    {
      "path": "SimObjects/Airplanes/Asobo_Icon-VRED/TEXTURE.VRED/ICONA5_COCKPIT_SHELL_ALBD.PNG.DDS",
      "size": 1,
      "date": 132400215225729553
    },
    {
      "path": "SimObjects/Airplanes/Asobo_Icon-VRED/TEXTURE.VRED/ICONA5_COCKPIT_SHELL_ALBD.PNG.DDS.json",
      "size": 1,
      "date": 132400215225729553
    },
    {
      "path": "SimObjects/Airplanes/Asobo_Icon-VRED/TEXTURE.VRED/ICON_A5_AIRFRAME_BODY02_ALBD.PNG.DDS",
      "size": 1,
      "date": 132400215225729553
    },
    {
      "path": "SimObjects/Airplanes/Asobo_Icon-VRED/TEXTURE.VRED/ICON_A5_AIRFRAME_BODY02_ALBD.PNG.DDS.json",
      "size": 1,
      "date": 132400215225729553
    },
    {
      "path": "SimObjects/Airplanes/Asobo_Icon-VRED/TEXTURE.VRED/ICON_A5_AIRFRAME_BODY_ALBD.PNG.DDS",
      "size": 1,
      "date": 132400215225729553
    },
    {
      "path": "SimObjects/Airplanes/Asobo_Icon-VRED/TEXTURE.VRED/ICON_A5_AIRFRAME_BODY_ALBD.PNG.DDS.json",
      "size": 1,
      "date": 132400215225729553
    },
    {
      "path": "SimObjects/Airplanes/Asobo_Icon-VRED/TEXTURE.VRED/ICON_A5_AIRFRAME_DECALS_02_ALBD.PNG.DDS",
      "size": 1,
      "date": 132400215225729553
    },
    {
      "path": "SimObjects/Airplanes/Asobo_Icon-VRED/TEXTURE.VRED/ICON_A5_AIRFRAME_DECALS_02_ALBD.PNG.DDS.json",
      "size": 1,
      "date": 132400215225729553
    },
    {
      "path": "SimObjects/Airplanes/Asobo_Icon-VRED/TEXTURE.VRED/ICON_A5_AIRFRAME_DECALS_ALBD.PNG.DDS",
      "size": 1,
      "date": 132400215225729553
    },
    {
      "path": "SimObjects/Airplanes/Asobo_Icon-VRED/TEXTURE.VRED/ICON_A5_AIRFRAME_DECALS_ALBD.PNG.DDS.json",
      "size": 1,
      "date": 132400215225729553
    },
    {
      "path": "SimObjects/Airplanes/Asobo_Icon-VRED/TEXTURE.VRED/ICON_A5_AIRFRAME_DETAILS_ALBD.PNG.DDS",
      "size": 1,
      "date": 132400215225729553
    },
    {
      "path": "SimObjects/Airplanes/Asobo_Icon-VRED/TEXTURE.VRED/ICON_A5_AIRFRAME_DETAILS_ALBD.PNG.DDS.json",
      "size": 1,
      "date": 132400215225729553
    },
    {
      "path": "SimObjects/Airplanes/Asobo_Icon-VRED/TEXTURE.VRED/ICON_A5_AIRFRAME_LIVERY_ALBD.PNG.DDS",
      "size": 1,
      "date": 132400215225729553
    },
    {
      "path": "SimObjects/Airplanes/Asobo_Icon-VRED/TEXTURE.VRED/ICON_A5_AIRFRAME_LIVERY_ALBD.PNG.DDS.json",
      "size": 1,
      "date": 132400215225729553
    },
    {
      "path": "SimObjects/Airplanes/Asobo_Icon-VRED/TEXTURE.VRED/SCREENCAPTURE0_LE.PNG",
      "size": 1,
      "date": 132400215225729553
    },
    {
      "path": "SimObjects/Airplanes/Asobo_Icon-VRED/TEXTURE.VRED/texture.CFG",
      "size": 1,
      "date": 132400215225729553
    },
    {
      "path": "SimObjects/Airplanes/Asobo_Icon-VRED/TEXTURE.VRED/thumbnail.JPG",
      "size": 1,
      "date": 132400215225729553
    },
    {
      "path": "SimObjects/Airplanes/Asobo_Icon-VRED/TEXTURE.VRED/thumbnail_small.JPG",
      "size": 1,
      "date": 132400215225729553
    },
    {
      "path": "SimObjects/Airplanes/Asobo_Icon-VRED/MODEL.MAIN/model.CFG",
      "size": 1,
      "date": 132400215225729553
    }
  ]
}