{
  "content": [
    {
      "path": "SimObjects/Airplanes/Asobo_A320_NEO-EVAAIRHELLOKITTY/aircraft.cfg",
      "size": 1,
      "date": 132400215225729553
    },
    {
      "path": "SimObjects/Airplanes/Asobo_A320_NEO-EVAAIRHELLOKITTY/TEXTURE.EVAAIRHELLOKITTY/A320NEO_AIRFRAME_ENGINES_ALBD.PNG.DDS",
      "size": 1,
      "date": 132400215225729553
    },
    {
      "path": "SimObjects/Airplanes/Asobo_A320_NEO-EVAAIRHELLOKITTY/TEXTURE.EVAAIRHELLOKITTY/A320NEO_AIRFRAME_ENGINES_ALBD.PNG.DDS.json",
      "size": 1,
      "date": 132400215225729553
    },
    {
      "path": "SimObjects/Airplanes/Asobo_A320_NEO-EVAAIRHELLOKITTY/TEXTURE.EVAAIRHELLOKITTY/A320NEO_AIRFRAME_FUSELAGE_ALBD.PNG",
      "size": 1,
      "date": 132400215225729553
    },
    {
      "path": "SimObjects/Airplanes/Asobo_A320_NEO-EVAAIRHELLOKITTY/TEXTURE.EVAAIRHELLOKITTY/A320NEO_AIRFRAME_FUSELAGE_ALBD.PNG.DDS",
      "size": 1,
      "date": 132400215225729553
    },
    {
      "path": "SimObjects/Airplanes/Asobo_A320_NEO-EVAAIRHELLOKITTY/TEXTURE.EVAAIRHELLOKITTY/A320NEO_AIRFRAME_FUSELAGE_ALBD.PNG.DDS.json",
      "size": 1,
      "date": 132400215225729553
    },
    {
      "path": "SimObjects/Airplanes/Asobo_A320_NEO-EVAAIRHELLOKITTY/TEXTURE.EVAAIRHELLOKITTY/A320NEO_AIRFRAME_LIVERY_ALBD.PNG.DDS",
      "size": 1,
      "date": 132400215225729553
    },
    {
      "path": "SimObjects/Airplanes/Asobo_A320_NEO-EVAAIRHELLOKITTY/TEXTURE.EVAAIRHELLOKITTY/A320NEO_AIRFRAME_LIVERY_ALBD.PNG.DDS.json",
      "size": 1,
      "date": 132400215225729553
    },
    {
      "path": "SimObjects/Airplanes/Asobo_A320_NEO-EVAAIRHELLOKITTY/TEXTURE.EVAAIRHELLOKITTY/A320NEO_AIRFRAME_LIVERY_TEXTS_ALBD.PNG.dds",
      "size": 1,
      "date": 132400215225729553
    },
    {
      "path": "SimObjects/Airplanes/Asobo_A320_NEO-EVAAIRHELLOKITTY/TEXTURE.EVAAIRHELLOKITTY/A320NEO_AIRFRAME_LIVERY_TEXTS_ALBD.PNG.DDS.json",
      "size": 1,
      "date": 132400215225729553
    },
    {
      "path": "SimObjects/Airplanes/Asobo_A320_NEO-EVAAIRHELLOKITTY/TEXTURE.EVAAIRHELLOKITTY/A320NEO_AIRFRAME_WINGS_ALBD.PNG.DDS",
      "size": 1,
      "date": 132400215225729553
    },
    {
      "path": "SimObjects/Airplanes/Asobo_A320_NEO-EVAAIRHELLOKITTY/TEXTURE.EVAAIRHELLOKITTY/A320NEO_AIRFRAME_WINGS_ALBD.PNG.DDS.json",
      "size": 1,
      "date": 132400215225729553
    },
    {
      "path": "SimObjects/Airplanes/Asobo_A320_NEO-EVAAIRHELLOKITTY/TEXTURE.EVAAIRHELLOKITTY/texture.CFG",
      "size": 1,
      "date": 132400215225729553
    },
    {
      "path": "SimObjects/Airplanes/Asobo_A320_NEO-EVAAIRHELLOKITTY/TEXTURE.EVAAIRHELLOKITTY/thumbnail.jpg",
      "size": 1,
      "date": 132400215225729553
    },
    {
      "path": "SimObjects/Airplanes/Asobo_A320_NEO-EVAAIRHELLOKITTY/TEXTURE.EVAAIRHELLOKITTY/thumbnail_small.jpg",
      "size": 1,
      "date": 132400215225729553
    },
    {
      "path": "SimObjects/Airplanes/Asobo_A320_NEO-EVAAIRHELLOKITTY/MODEL.MAIN/model.CFG",
      "size": 1,
      "date": 132400215225729553
    }
  ]
}