{
  "content": [
    {
      "path": "SimObjects/Airplanes/Asobo_B747_8i-PEOPLEXPRESS/aircraft.cfg",
      "size": 1,
      "date": 132400215225729553
    },
    {
      "path": "SimObjects/Airplanes/Asobo_B747_8i-PEOPLEXPRESS/TEXTURE.PEOPLEXPRESS/747_8I_AIRFRAME_BELLY_ALBD.PNG.DDS",
      "size": 1,
      "date": 132400215225729553
    },
    {
      "path": "SimObjects/Airplanes/Asobo_B747_8i-PEOPLEXPRESS/TEXTURE.PEOPLEXPRESS/747_8I_AIRFRAME_BELLY_ALBD.PNG.DDS.json",
      "size": 1,
      "date": 132400215225729553
    },
    {
      "path": "SimObjects/Airplanes/Asobo_B747_8i-PEOPLEXPRESS/TEXTURE.PEOPLEXPRESS/747_8I_AIRFRAME_ENGINEBODY_ALBD.PNG.DDS",
      "size": 1,
      "date": 132400215225729553
    },
    {
      "path": "SimObjects/Airplanes/Asobo_B747_8i-PEOPLEXPRESS/TEXTURE.PEOPLEXPRESS/747_8I_AIRFRAME_ENGINEBODY_ALBD.PNG.DDS.json",
      "size": 1,
      "date": 132400215225729553
    },
    {
      "path": "SimObjects/Airplanes/Asobo_B747_8i-PEOPLEXPRESS/TEXTURE.PEOPLEXPRESS/747_8I_AIRFRAME_ENGINEBODY_COMP.PNG.DDS",
      "size": 1,
      "date": 132400215225729553
    },
    {
      "path": "SimObjects/Airplanes/Asobo_B747_8i-PEOPLEXPRESS/TEXTURE.PEOPLEXPRESS/747_8I_AIRFRAME_ENGINEBODY_COMP.PNG.DDS.json",
      "size": 1,
      "date": 132400215225729553
    },
    {
      "path": "SimObjects/Airplanes/Asobo_B747_8i-PEOPLEXPRESS/TEXTURE.PEOPLEXPRESS/747_8I_AIRFRAME_FUSELAGEDETAIL_ALBD.PNG.DDS",
      "size": 1,
      "date": 132400215225729553
    },
    {
      "path": "SimObjects/Airplanes/Asobo_B747_8i-PEOPLEXPRESS/TEXTURE.PEOPLEXPRESS/747_8I_AIRFRAME_FUSELAGEDETAIL_ALBD.PNG.DDS.json",
      "size": 1,
      "date": 132400215225729553
    },
    {
      "path": "SimObjects/Airplanes/Asobo_B747_8i-PEOPLEXPRESS/TEXTURE.PEOPLEXPRESS/747_8I_AIRFRAME_HULL_ALBD.PNG.DDS",
      "size": 1,
      "date": 132400215225729553
    },
    {
      "path": "SimObjects/Airplanes/Asobo_B747_8i-PEOPLEXPRESS/TEXTURE.PEOPLEXPRESS/747_8I_AIRFRAME_HULL_ALBD.PNG.DDS.json",
      "size": 1,
      "date": 132400215225729553
    },
    {
      "path": "SimObjects/Airplanes/Asobo_B747_8i-PEOPLEXPRESS/TEXTURE.PEOPLEXPRESS/747_8I_AIRFRAME_LIVERY2_ALBD.PNG.DDS",
      "size": 1,
      "date": 132400215225729553
    },
    {
      "path": "SimObjects/Airplanes/Asobo_B747_8i-PEOPLEXPRESS/TEXTURE.PEOPLEXPRESS/747_8I_AIRFRAME_LIVERY2_ALBD.PNG.DDS.json",
      "size": 1,
      "date": 132400215225729553
    },
    {
      "path": "SimObjects/Airplanes/Asobo_B747_8i-PEOPLEXPRESS/TEXTURE.PEOPLEXPRESS/747_8I_AIRFRAME_LIVERY_ALBD.PNG.DDS",
      "size": 1,
      "date": 132400215225729553
    },
    {
      "path": "SimObjects/Airplanes/Asobo_B747_8i-PEOPLEXPRESS/TEXTURE.PEOPLEXPRESS/747_8I_AIRFRAME_LIVERY_ALBD.PNG.DDS.json",
      "size": 1,
      "date": 132400215225729553
    },
    {
      "path": "SimObjects/Airplanes/Asobo_B747_8i-PEOPLEXPRESS/TEXTURE.PEOPLEXPRESS/B747_COCKPIT_FRONTSEAT_FABRIC_ALBEDO.PNG.DDS",
      "size": 1,
      "date": 132400215225729553
    },
    {
      "path": "SimObjects/Airplanes/Asobo_B747_8i-PEOPLEXPRESS/TEXTURE.PEOPLEXPRESS/B747_COCKPIT_FRONTSEAT_FABRIC_ALBEDO.PNG.DDS.json",
      "size": 1,
      "date": 132400215225729553
    },
    {
      "path": "SimObjects/Airplanes/Asobo_B747_8i-PEOPLEXPRESS/TEXTURE.PEOPLEXPRESS/texture.CFG",
      "size": 1,
      "date": 132400215225729553
    },
    {
      "path": "SimObjects/Airplanes/Asobo_B747_8i-PEOPLEXPRESS/TEXTURE.PEOPLEXPRESS/thumbnail.JPG",
      "size": 1,
      "date": 132400215225729553
    },
    {
      "path": "SimObjects/Airplanes/Asobo_B747_8i-PEOPLEXPRESS/TEXTURE.PEOPLEXPRESS/thumbnail_small.JPG",
      "size": 1,
      "date": 132400215225729553
    },
    {
      "path": "SimObjects/Airplanes/Asobo_B747_8i-PEOPLEXPRESS/MODEL.MAIN/model.CFG",
      "size": 1,
      "date": 132400215225729553
    }
  ]
}