{
  "content": [
    {
      "path": "SimObjects/Airplanes/Asobo_Icon-CALIENTE/aircraft.cfg",
      "size": 1,
      "date": 132400215225729553
    },
    {
      "path": "SimObjects/Airplanes/Asobo_Icon-CALIENTE/TEXTURE.CALIENTE/ICONA5_COCKPIT_DECAL_ALBD.TIF.DDS",
      "size": 1,
      "date": 132400215225729553
    },
    {
      "path": "SimObjects/Airplanes/Asobo_Icon-CALIENTE/TEXTURE.CALIENTE/ICONA5_COCKPIT_DECAL_ALBD.TIF.DDS.FLAGS",
      "size": 1,
      "date": 132400215225729553
    },
    {
      "path": "SimObjects/Airplanes/Asobo_Icon-CALIENTE/TEXTURE.CALIENTE/ICONA5_COCKPIT_DECAL_ALBD.TIF.DDS.json",
      "size": 1,
      "date": 132400215225729553
    },
    {
      "path": "SimObjects/Airplanes/Asobo_Icon-CALIENTE/TEXTURE.CALIENTE/ICONA5_COCKPIT_DECAL_EMIS.TIF.DDS",
      "size": 1,
      "date": 132400215225729553
    },
    {
      "path": "SimObjects/Airplanes/Asobo_Icon-CALIENTE/TEXTURE.CALIENTE/ICONA5_COCKPIT_DECAL_EMIS.TIF.DDS.FLAGS",
      "size": 1,
      "date": 132400215225729553
    },
    {
      "path": "SimObjects/Airplanes/Asobo_Icon-CALIENTE/TEXTURE.CALIENTE/ICONA5_COCKPIT_DECAL_EMIS.TIF.DDS.json",
      "size": 1,
      "date": 132400215225729553
    },
    {
      "path": "SimObjects/Airplanes/Asobo_Icon-CALIENTE/TEXTURE.CALIENTE/ICONA5_COCKPIT_PANEL_ALBD.PNG.DDS",
      "size": 1,
      "date": 132400215225729553
    },
    {
      "path": "SimObjects/Airplanes/Asobo_Icon-CALIENTE/TEXTURE.CALIENTE/ICONA5_COCKPIT_PANEL_ALBD.PNG.DDS.json",
      "size": 1,
      "date": 132400215225729553
    },
    {
      "path": "SimObjects/Airplanes/Asobo_Icon-CALIENTE/TEXTURE.CALIENTE/ICONA5_COCKPIT_SEATS_ALBD.PNG.DDS",
      "size": 1,
      "date": 132400215225729553
    },
    {
      "path": "SimObjects/Airplanes/Asobo_Icon-CALIENTE/TEXTURE.CALIENTE/ICONA5_COCKPIT_SEATS_ALBD.PNG.DDS.json",
      "size": 1,
      "date": 132400215225729553
    },
    {
      "path": "SimObjects/Airplanes/Asobo_Icon-CALIENTE/TEXTURE.CALIENTE/ICONA5_COCKPIT_SHELL_ALBD.PNG.DDS",
      "size": 1,
      "date": 132400215225729553
    },
    {
      "path": "SimObjects/Airplanes/Asobo_Icon-CALIENTE/TEXTURE.CALIENTE/ICONA5_COCKPIT_SHELL_ALBD.PNG.DDS.json",
      "size": 1,
      "date": 132400215225729553
    },
    {
      "path": "SimObjects/Airplanes/Asobo_Icon-CALIENTE/TEXTURE.CALIENTE/ICON_A5_AIRFRAME_BODY02_ALBD.PNG.DDS",
      "size": 1,
      "date": 132400215225729553
    },
    {
      "path": "SimObjects/Airplanes/Asobo_Icon-CALIENTE/TEXTURE.CALIENTE/ICON_A5_AIRFRAME_BODY02_ALBD.PNG.DDS.json",
      "size": 1,
      "date": 132400215225729553
    },
    {
      "path": "SimObjects/Airplanes/Asobo_Icon-CALIENTE/TEXTURE.CALIENTE/ICON_A5_AIRFRAME_BODY_ALBD.PNG.DDS",
      "size": 1,
      "date": 132400215225729553
    },
    {
      "path": "SimObjects/Airplanes/Asobo_Icon-CALIENTE/TEXTURE.CALIENTE/ICON_A5_AIRFRAME_BODY_ALBD.PNG.DDS.json",
      "size": 1,
      "date": 132400215225729553
    },
    {
      "path": "SimObjects/Airplanes/Asobo_Icon-CALIENTE/TEXTURE.CALIENTE/ICON_A5_AIRFRAME_DECALS_02_ALBD.PNG.DDS",
      "size": 1,
      "date": 132400215225729553
    },
    {
      "path": "SimObjects/Airplanes/Asobo_Icon-CALIENTE/TEXTURE.CALIENTE/ICON_A5_AIRFRAME_DECALS_02_ALBD.PNG.DDS.json",
      "size": 1,
      "date": 132400215225729553
    },
    {
      "path": "SimObjects/Airplanes/Asobo_Icon-CALIENTE/TEXTURE.CALIENTE/ICON_A5_AIRFRAME_DECALS_ALBD.PNG.DDS",
      "size": 1,
      "date": 132400215225729553
    },
    {
      "path": "SimObjects/Airplanes/Asobo_Icon-CALIENTE/TEXTURE.CALIENTE/ICON_A5_AIRFRAME_DECALS_ALBD.PNG.DDS.json",
      "size": 1,
      "date": 132400215225729553
    },
    {
      "path": "SimObjects/Airplanes/Asobo_Icon-CALIENTE/TEXTURE.CALIENTE/ICON_A5_AIRFRAME_DETAILS_ALBD.PNG.DDS",
      "size": 1,
      "date": 132400215225729553
    },
    {
      "path": "SimObjects/Airplanes/Asobo_Icon-CALIENTE/TEXTURE.CALIENTE/ICON_A5_AIRFRAME_DETAILS_ALBD.PNG.DDS.json",
      "size": 1,
      "date": 132400215225729553
    },
    {
      "path": "SimObjects/Airplanes/Asobo_Icon-CALIENTE/TEXTURE.CALIENTE/ICON_A5_AIRFRAME_LIVERY_ALBD.PNG.DDS",
      "size": 1,
      "date": 132400215225729553
    },
    {
      "path": "SimObjects/Airplanes/Asobo_Icon-CALIENTE/TEXTURE.CALIENTE/ICON_A5_AIRFRAME_LIVERY_ALBD.PNG.DDS.json",
      "size": 1,
      "date": 132400215225729553
    },
    {
      "path": "SimObjects/Airplanes/Asobo_Icon-CALIENTE/TEXTURE.CALIENTE/ICON_A5_AIRFRAME_TIRES_ALBD.PNG.DDS",
      "size": 1,
      "date": 132400215225729553
    },
    {
      "path": "SimObjects/Airplanes/Asobo_Icon-CALIENTE/TEXTURE.CALIENTE/ICON_A5_AIRFRAME_TIRES_ALBD.PNG.DDS.json",
      "size": 1,
      "date": 132400215225729553
    },
    {
      "path": "SimObjects/Airplanes/Asobo_Icon-CALIENTE/TEXTURE.CALIENTE/SCREENCAPTURE1_LE.PNG",
      "size": 1,
      "date": 132400215225729553
    },
    {
      "path": "SimObjects/Airplanes/Asobo_Icon-CALIENTE/TEXTURE.CALIENTE/texture.CFG",
      "size": 1,
      "date": 132400215225729553
    },
    {
      "path": "SimObjects/Airplanes/Asobo_Icon-CALIENTE/TEXTURE.CALIENTE/thumbnail.JPG",
      "size": 1,
      "date": 132400215225729553
    },
    {
      "path": "SimObjects/Airplanes/Asobo_Icon-CALIENTE/TEXTURE.CALIENTE/thumbnail_small.JPG",
      "size": 1,
      "date": 132400215225729553
    },
    {
      "path": "SimObjects/Airplanes/Asobo_Icon-CALIENTE/MODEL.MAIN/model.CFG",
      "size": 1,
      "date": 132400215225729553
    }
  ]
}