{
  "content": [
    {
      "path": "SimObjects/Airplanes/Asobo_Pitts-blackgreen/aircraft.cfg",
      "size": 1,
      "date": 132400215225729553
    },
    {
      "path": "SimObjects/Airplanes/Asobo_Pitts-blackgreen/TEXTURE.blackgreen/PITTS_SPECIAL_S2-S_AIRFRAME_DETAILS_ALBD.PNG.DDS",
      "size": 1,
      "date": 132400215225729553
    },
    {
      "path": "SimObjects/Airplanes/Asobo_Pitts-blackgreen/TEXTURE.blackgreen/PITTS_SPECIAL_S2-S_AIRFRAME_DETAILS_ALBD.PNG.DDS.json",
      "size": 1,
      "date": 132400215225729553
    },
    {
      "path": "SimObjects/Airplanes/Asobo_Pitts-blackgreen/TEXTURE.blackgreen/PITTS_SPECIAL_S2-S_AIRFRAME_FUSELAGE_ALBD.PNG.DDS",
      "size": 1,
      "date": 132400215225729553
    },
    {
      "path": "SimObjects/Airplanes/Asobo_Pitts-blackgreen/TEXTURE.blackgreen/PITTS_SPECIAL_S2-S_AIRFRAME_FUSELAGE_ALBD.PNG.DDS.json",
      "size": 1,
      "date": 132400215225729553
    },
    {
      "path": "SimObjects/Airplanes/Asobo_Pitts-blackgreen/TEXTURE.blackgreen/PITTS_SPECIAL_S2-S_AIRFRAME_LIVERY_ALBD.PNG.DDS",
      "size": 1,
      "date": 132400215225729553
    },
    {
      "path": "SimObjects/Airplanes/Asobo_Pitts-blackgreen/TEXTURE.blackgreen/PITTS_SPECIAL_S2-S_AIRFRAME_LIVERY_ALBD.PNG.DDS.json",
      "size": 1,
      "date": 132400215225729553
    },
    {
      "path": "SimObjects/Airplanes/Asobo_Pitts-blackgreen/TEXTURE.blackgreen/PITTS_SPECIAL_S2-S_AIRFRAME_RIVETS_ALBD.PNG.DDS",
      "size": 1,
      "date": 132400215225729553
    },
    {
      "path": "SimObjects/Airplanes/Asobo_Pitts-blackgreen/TEXTURE.blackgreen/PITTS_SPECIAL_S2-S_AIRFRAME_RIVETS_ALBD.PNG.DDS.json",
      "size": 1,
      "date": 132400215225729553
    },
    {
      "path": "SimObjects/Airplanes/Asobo_Pitts-blackgreen/TEXTURE.blackgreen/PITTS_SPECIAL_S2-S_AIRFRAME_RIVETS_COMP.PNG.DDS",
      "size": 1,
      "date": 132400215225729553
    },
    {
      "path": "SimObjects/Airplanes/Asobo_Pitts-blackgreen/TEXTURE.blackgreen/PITTS_SPECIAL_S2-S_AIRFRAME_RIVETS_COMP.PNG.DDS.json",
      "size": 1,
      "date": 132400215225729553
    },
    {
      "path": "SimObjects/Airplanes/Asobo_Pitts-blackgreen/TEXTURE.blackgreen/PITTS_SPECIAL_S2-S_AIRFRAME_WINGS_ALBD.PNG.DDS",
      "size": 1,
      "date": 132400215225729553
    },
    {
      "path": "SimObjects/Airplanes/Asobo_Pitts-blackgreen/TEXTURE.blackgreen/PITTS_SPECIAL_S2-S_AIRFRAME_WINGS_ALBD.PNG.DDS.json",
      "size": 1,
      "date": 132400215225729553
    },
    {
      "path": "SimObjects/Airplanes/Asobo_Pitts-blackgreen/TEXTURE.blackgreen/PITTS_SPECIAL_S2-S_COCKPIT_SECONDARY_INTERIOR_ALBD.PNG.DDS",
      "size": 1,
      "date": 132400215225729553
    },
    {
      "path": "SimObjects/Airplanes/Asobo_Pitts-blackgreen/TEXTURE.blackgreen/PITTS_SPECIAL_S2-S_COCKPIT_SECONDARY_INTERIOR_ALBD.PNG.DDS.json",
      "size": 1,
      "date": 132400215225729553
    },
    {
      "path": "SimObjects/Airplanes/Asobo_Pitts-blackgreen/TEXTURE.blackgreen/texture.CFG",
      "size": 1,
      "date": 132400215225729553
    },
    {
      "path": "SimObjects/Airplanes/Asobo_Pitts-blackgreen/TEXTURE.blackgreen/thumbnail.JPG",
      "size": 1,
      "date": 132400215225729553
    },
    {
      "path": "SimObjects/Airplanes/Asobo_Pitts-blackgreen/TEXTURE.blackgreen/thumbnail_small.JPG",
      "size": 1,
      "date": 132400215225729553
    },
    {
      "path": "SimObjects/Airplanes/Asobo_Pitts-blackgreen/MODEL.MAIN/model.CFG",
      "size": 1,
      "date": 132400215225729553
    }
  ]
}