{
  "content": [
	{
	  "path": "SimObjects/Airplanes/Asobo_A320_NEO-AERO/aircraft.cfg",
	  "size": 4088,
	  "date": 1604369810330
	},
	{
	  "path": "SimObjects/Airplanes/Asobo_A320_NEO-AERO/MODEL.AIAERO/model.cfg",
	  "size": 249,
	  "date": 315576060000
	},
	{
	  "path": "SimObjects/Airplanes/Asobo_A320_NEO-AERO/MODEL.MAIN/model.CFG",
	  "size": 938,
	  "date": 1604336826934
	},
	{
	  "path": "SimObjects/Airplanes/Asobo_A320_NEO-AERO/TEXTURE.AERO/A320NEO_AIRFRAME_ENGINES_ALBD.PNG.DDS",
	  "size": 22369796,
	  "date": 1603417085976
	},
	{
	  "path": "SimObjects/Airplanes/Asobo_A320_NEO-AERO/TEXTURE.AERO/A320NEO_AIRFRAME_ENGINES_ALBD.PNG.DDS.json",
	  "size": 102,
	  "date": 1596825798000
	},
	{
	  "path": "SimObjects/Airplanes/Asobo_A320_NEO-AERO/TEXTURE.AERO/A320NEO_AIRFRAME_ENGINES_COMP.PNG.DDS",
	  "size": 4194452,
	  "date": 1601823199556
	},
	{
	  "path": "SimObjects/Airplanes/Asobo_A320_NEO-AERO/TEXTURE.AERO/A320NEO_AIRFRAME_ENGINES_COMP.PNG.DDS.json",
	  "size": 191,
	  "date": 1599520642140
	},
	{
	  "path": "SimObjects/Airplanes/Asobo_A320_NEO-AERO/TEXTURE.AERO/A320NEO_AIRFRAME_FUSELAGE_ALBD.PNG.dds",
	  "size": 22369796,
	  "date": 1603416969791
	},
	{
	  "path": "SimObjects/Airplanes/Asobo_A320_NEO-AERO/TEXTURE.AERO/A320NEO_AIRFRAME_FUSELAGE_ALBD.PNG.DDS.json",
	  "size": 102,
	  "date": 1596825798000
	},
	{
	  "path": "SimObjects/Airplanes/Asobo_A320_NEO-AERO/TEXTURE.AERO/A320NEO_AIRFRAME_FUSELAGE_COMP.PNG.dds",
	  "size": 5592580,
	  "date": 1603417012686
	},
	{
	  "path": "SimObjects/Airplanes/Asobo_A320_NEO-AERO/TEXTURE.AERO/A320NEO_AIRFRAME_FUSELAGE_COMP.PNG.DDS.json",
	  "size": 191,
	  "date": 1599520642335
	},
	{
	  "path": "SimObjects/Airplanes/Asobo_A320_NEO-AERO/TEXTURE.AERO/A320NEO_AIRFRAME_LIVERY_ALBD.PNG.DDS",
	  "size": 4194432,
	  "date": 1599488976194
	},
	{
	  "path": "SimObjects/Airplanes/Asobo_A320_NEO-AERO/TEXTURE.AERO/A320NEO_AIRFRAME_LIVERY_ALBD.PNG.DDS.json",
	  "size": 119,
	  "date": 1596102912000
	},
	{
	  "path": "SimObjects/Airplanes/Asobo_A320_NEO-AERO/TEXTURE.AERO/A320NEO_AIRFRAME_LIVERY_TEXTS_ALBD.PNG.dds",
	  "size": 4194432,
	  "date": 1598487074437
	},
	{
	  "path": "SimObjects/Airplanes/Asobo_A320_NEO-AERO/TEXTURE.AERO/A320NEO_AIRFRAME_LIVERY_TEXTS_ALBD.PNG.DDS.json",
	  "size": 119,
	  "date": 1596102912000
	},
	{
	  "path": "SimObjects/Airplanes/Asobo_A320_NEO-AERO/TEXTURE.AERO/A320NEO_AIRFRAME_WINGS_ALBD.PNG.DDS",
	  "size": 22369796,
	  "date": 1603417423133
	},
	{
	  "path": "SimObjects/Airplanes/Asobo_A320_NEO-AERO/TEXTURE.AERO/A320NEO_AIRFRAME_WINGS_ALBD.PNG.DDS.json",
	  "size": 102,
	  "date": 1596825798000
	},
	{
	  "path": "SimObjects/Airplanes/Asobo_A320_NEO-AERO/TEXTURE.AERO/A320NEO_AIRFRAME_WINGS_COMP.PNG.DDS",
	  "size": 4194452,
	  "date": 1601823152358
	},
	{
	  "path": "SimObjects/Airplanes/Asobo_A320_NEO-AERO/TEXTURE.AERO/A320NEO_AIRFRAME_WINGS_COMP.PNG.DDS.json",
	  "size": 191,
	  "date": 1599520643059
	},
	{
	  "path": "SimObjects/Airplanes/Asobo_A320_NEO-AERO/TEXTURE.AERO/A320NEO_COCKPIT_OVERHEAD_ALBD.PNG.DDS.json",
	  "size": 102,
	  "date": 1597693350000
	},
	{
	  "path": "SimObjects/Airplanes/Asobo_A320_NEO-AERO/TEXTURE.AERO/texture.CFG",
	  "size": 205,
	  "date": 1599312384891
	},
	{
	  "path": "SimObjects/Airplanes/Asobo_A320_NEO-AERO/TEXTURE.AERO/thumbnail.jpg",
	  "size": 45477,
	  "date": 1603417685093
	},
	{
	  "path": "SimObjects/Airplanes/Asobo_A320_NEO-AERO/TEXTURE.AERO/thumbnail_small.jpg",
	  "size": 9649,
	  "date": 1603417685126
	}
  ]
}
