{
  "content": [
	{
	  "path": "SimObjects/AirPlanes/Asobo_A320_NEO-CORSICA/aircraft.cfg",
	  "size": 4120,
	  "date": 1604366196391
	},
	{
	  "path": "SimObjects/AirPlanes/Asobo_A320_NEO-CORSICA/MODEL.AICORSICA/model.cfg",
	  "size": 249,
	  "date": 315576060000
	},
	{
	  "path": "SimObjects/AirPlanes/Asobo_A320_NEO-CORSICA/MODEL.MAIN/model.CFG",
	  "size": 938,
	  "date": 1604336826939
	},
	{
	  "path": "SimObjects/AirPlanes/Asobo_A320_NEO-CORSICA/TEXTURE.CORSICA/A320NEO_AIRFRAME_ENGINES_ALBD.PNG.DDS",
	  "size": 16777344,
	  "date": 1599324508438
	},
	{
	  "path": "SimObjects/AirPlanes/Asobo_A320_NEO-CORSICA/TEXTURE.CORSICA/A320NEO_AIRFRAME_ENGINES_ALBD.PNG.DDS.json",
	  "size": 102,
	  "date": 1596825798000
	},
	{
	  "path": "SimObjects/AirPlanes/Asobo_A320_NEO-CORSICA/TEXTURE.CORSICA/A320NEO_AIRFRAME_FUSELAGE_ALBD.PNG.dds",
	  "size": 4194452,
	  "date": 1600291384676
	},
	{
	  "path": "SimObjects/AirPlanes/Asobo_A320_NEO-CORSICA/TEXTURE.CORSICA/A320NEO_AIRFRAME_FUSELAGE_ALBD.PNG.DDS.json",
	  "size": 102,
	  "date": 1596825798000
	},
	{
	  "path": "SimObjects/AirPlanes/Asobo_A320_NEO-CORSICA/TEXTURE.CORSICA/A320NEO_AIRFRAME_FUSELAGE_COMP.PNG.dds",
	  "size": 5592580,
	  "date": 1603417012686
	},
	{
	  "path": "SimObjects/AirPlanes/Asobo_A320_NEO-CORSICA/TEXTURE.CORSICA/A320NEO_AIRFRAME_FUSELAGE_COMP.PNG.DDS.json",
	  "size": 191,
	  "date": 1599520642335
	},
	{
	  "path": "SimObjects/AirPlanes/Asobo_A320_NEO-CORSICA/TEXTURE.CORSICA/A320NEO_AIRFRAME_LIVERY_ALBD.PNG",
	  "size": 2691839,
	  "date": 1599053885519
	},
	{
	  "path": "SimObjects/AirPlanes/Asobo_A320_NEO-CORSICA/TEXTURE.CORSICA/A320NEO_AIRFRAME_LIVERY_ALBD.PNG.DDS",
	  "size": 4194432,
	  "date": 1599488976194
	},
	{
	  "path": "SimObjects/AirPlanes/Asobo_A320_NEO-CORSICA/TEXTURE.CORSICA/A320NEO_AIRFRAME_LIVERY_ALBD.PNG.DDS.json",
	  "size": 119,
	  "date": 1596102912000
	},
	{
	  "path": "SimObjects/AirPlanes/Asobo_A320_NEO-CORSICA/TEXTURE.CORSICA/A320NEO_AIRFRAME_LIVERY_TEXTS_ALBD.PNG.dds",
	  "size": 4194432,
	  "date": 1598487074437
	},
	{
	  "path": "SimObjects/AirPlanes/Asobo_A320_NEO-CORSICA/TEXTURE.CORSICA/A320NEO_AIRFRAME_LIVERY_TEXTS_ALBD.PNG.DDS.json",
	  "size": 119,
	  "date": 1596102912000
	},
	{
	  "path": "SimObjects/AirPlanes/Asobo_A320_NEO-CORSICA/TEXTURE.CORSICA/A320NEO_AIRFRAME_WINGS_ALBD.PNG.DDS",
	  "size": 4194452,
	  "date": 1599738637543
	},
	{
	  "path": "SimObjects/AirPlanes/Asobo_A320_NEO-CORSICA/TEXTURE.CORSICA/A320NEO_AIRFRAME_WINGS_ALBD.PNG.DDS.json",
	  "size": 102,
	  "date": 1596825798000
	},
	{
	  "path": "SimObjects/AirPlanes/Asobo_A320_NEO-CORSICA/TEXTURE.CORSICA/A320NEO_COCKPIT_OVERHEAD_ALBD.PNG.DDS.json",
	  "size": 102,
	  "date": 1597693350000
	},
	{
	  "path": "SimObjects/AirPlanes/Asobo_A320_NEO-CORSICA/TEXTURE.CORSICA/texture.CFG",
	  "size": 205,
	  "date": 1599312384891
	},
	{
	  "path": "SimObjects/AirPlanes/Asobo_A320_NEO-CORSICA/TEXTURE.CORSICA/thumbnail.jpg",
	  "size": 42340,
	  "date": 1604357081250
	},
	{
	  "path": "SimObjects/AirPlanes/Asobo_A320_NEO-CORSICA/TEXTURE.CORSICA/thumbnail_small.jpg",
	  "size": 9597,
	  "date": 1604357081292
	}
  ]
}
