{
  "content": [
    {
      "path": "SimObjects/Airplanes/Asobo_A320_NEO-THOMASCOOK/aircraft.cfg",
      "size": 1,
      "date": 132400215225729553
    },
	{
      "path": "SimObjects/AirPlanes/Asobo_A320_NEO-THOMASCOOK/MODEL.THOMASCOOK/model.cfg",
      "size": 1,
      "date": 132400215225729553
	}, 
    {
      "path": "SimObjects/Airplanes/Asobo_A320_NEO-THOMASCOOK/MODEL.AITHOMASCOOK/model.cfg",
      "size": 1,
      "date": 132400215225729553
    },
    {
      "path": "SimObjects/Airplanes/Asobo_A320_NEO-THOMASCOOK/TEXTURE.THOMASCOOK/A320NEO_AIRFRAME_ENGINES_ALBD.PNG.DDS",
      "size": 1,
      "date": 132400215225729553
    },
    {
      "path": "SimObjects/Airplanes/Asobo_A320_NEO-THOMASCOOK/TEXTURE.THOMASCOOK/A320NEO_AIRFRAME_ENGINES_ALBD.PNG.DDS.json",
      "size": 1,
      "date": 132400215225729553
    },
    {
      "path": "SimObjects/Airplanes/Asobo_A320_NEO-THOMASCOOK/TEXTURE.THOMASCOOK/A320NEO_AIRFRAME_FUSELAGE_ALBD.PNG.dds",
      "size": 1,
      "date": 132400215225729553
    },
    {
      "path": "SimObjects/Airplanes/Asobo_A320_NEO-THOMASCOOK/TEXTURE.THOMASCOOK/A320NEO_AIRFRAME_FUSELAGE_ALBD.PNG.DDS.json",
      "size": 1,
      "date": 132400215225729553
    },
    {
      "path": "SimObjects/Airplanes/Asobo_A320_NEO-THOMASCOOK/TEXTURE.THOMASCOOK/A320NEO_AIRFRAME_LIVERY_ALBD.PNG.DDS",
      "size": 1,
      "date": 132400215225729553
    },
    {
      "path": "SimObjects/Airplanes/Asobo_A320_NEO-THOMASCOOK/TEXTURE.THOMASCOOK/A320NEO_AIRFRAME_LIVERY_ALBD.PNG.DDS.json",
      "size": 1,
      "date": 132400215225729553
    },
    {
      "path": "SimObjects/Airplanes/Asobo_A320_NEO-THOMASCOOK/TEXTURE.THOMASCOOK/A320NEO_AIRFRAME_LIVERY_TEXTS_ALBD.PNG.dds",
      "size": 1,
      "date": 132400215225729553
    },
    {
      "path": "SimObjects/Airplanes/Asobo_A320_NEO-THOMASCOOK/TEXTURE.THOMASCOOK/A320NEO_AIRFRAME_LIVERY_TEXTS_ALBD.PNG.DDS.json",
      "size": 1,
      "date": 132400215225729553
    },
    {
      "path": "SimObjects/Airplanes/Asobo_A320_NEO-THOMASCOOK/TEXTURE.THOMASCOOK/A320NEO_AIRFRAME_WINGS_ALBD.PNG.DDS",
      "size": 1,
      "date": 132400215225729553
    },
    {
      "path": "SimObjects/Airplanes/Asobo_A320_NEO-THOMASCOOK/TEXTURE.THOMASCOOK/A320NEO_AIRFRAME_WINGS_ALBD.PNG.DDS.json",
      "size": 1,
      "date": 132400215225729553
    },
    {
      "path": "SimObjects/Airplanes/Asobo_A320_NEO-THOMASCOOK/TEXTURE.THOMASCOOK/texture.CFG",
      "size": 1,
      "date": 132400215225729553
    },
    {
      "path": "SimObjects/Airplanes/Asobo_A320_NEO-THOMASCOOK/TEXTURE.THOMASCOOK/thumbnail.jpg",
      "size": 1,
      "date": 132400215225729553
    },
    {
      "path": "SimObjects/Airplanes/Asobo_A320_NEO-THOMASCOOK/TEXTURE.THOMASCOOK/thumbnail_small.jpg",
      "size": 1,
      "date": 132400215225729553
    }
  ]
}