{
  "content": [
    {
      "path": "SimObjects/Airplanes/Orvidius_VL3_RORANGE/aircraft.cfg",
      "size": 2882,
      "date": 132398914670000000
    },
    {
      "path": "SimObjects/Airplanes/Orvidius_VL3_RORANGE/TEXTURE.RORANGE/JMB_VL3_AIRFRAME_DECALS_ALBD.PNG.DDS",
      "size": 1398256,
      "date": 132400235944206088
    },
    {
      "path": "SimObjects/Airplanes/Orvidius_VL3_RORANGE/TEXTURE.RORANGE/JMB_VL3_AIRFRAME_DECALS_ALBD.PNG.DDS.json",
      "size": 119,
      "date": 132400235944176091
    },
    {
      "path": "SimObjects/Airplanes/Orvidius_VL3_RORANGE/TEXTURE.RORANGE/JMB_VL3_AIRFRAME_FUSELAGE_ALBD.PNG.DDS",
      "size": 11184952,
      "date": 132400236085864787
    },
    {
      "path": "SimObjects/Airplanes/Orvidius_VL3_RORANGE/TEXTURE.RORANGE/JMB_VL3_AIRFRAME_FUSELAGE_ALBD.PNG.DDS.json",
      "size": 102,
      "date": 132400236085724789
    },
    {
      "path": "SimObjects/Airplanes/Orvidius_VL3_RORANGE/TEXTURE.RORANGE/JMB_VL3_AIRFRAME_FUSELAGE_COMP.PNG.DDS",
      "size": 22369796,
      "date": 132400236318598650
    },
    {
      "path": "SimObjects/Airplanes/Orvidius_VL3_RORANGE/TEXTURE.RORANGE/JMB_VL3_AIRFRAME_FUSELAGE_COMP.PNG.DDS.json",
      "size": 191,
      "date": 132400236318249025
    },
    {
      "path": "SimObjects/Airplanes/Orvidius_VL3_RORANGE/TEXTURE.RORANGE/JMB_VL3_AIRFRAME_LIVERY_ALBD.PNG.DDS",
      "size": 2796344,
      "date": 132400236020933483
    },
    {
      "path": "SimObjects/Airplanes/Orvidius_VL3_RORANGE/TEXTURE.RORANGE/JMB_VL3_AIRFRAME_LIVERY_ALBD.PNG.DDS.json",
      "size": 102,
      "date": 132400236020893490
    },
    {
      "path": "SimObjects/Airplanes/Orvidius_VL3_RORANGE/TEXTURE.RORANGE/JMB_VL3_AIRFRAME_LIVERY_DECALS_ALBD.PNG.DDS",
      "size": 349680,
      "date": 132400235935755333
    },
    {
      "path": "SimObjects/Airplanes/Orvidius_VL3_RORANGE/TEXTURE.RORANGE/JMB_VL3_AIRFRAME_LIVERY_DECALS_ALBD.PNG.DDS.json",
      "size": 119,
      "date": 132400235935715342
    },
    {
      "path": "SimObjects/Airplanes/Orvidius_VL3_RORANGE/TEXTURE.RORANGE/JMB_VL3_AIRFRAME_PROP_BLURRED_ALBD.PNG.DDS",
      "size": 5592560,
      "date": 132400235991637647
    },
    {
      "path": "SimObjects/Airplanes/Orvidius_VL3_RORANGE/TEXTURE.RORANGE/JMB_VL3_AIRFRAME_PROP_BLURRED_ALBD.PNG.DDS.json",
      "size": 119,
      "date": 132400235991567653
    },
    {
      "path": "SimObjects/Airplanes/Orvidius_VL3_RORANGE/TEXTURE.RORANGE/JMB_VL3_AIRFRAME_PROP_BLURRED_SIDE.PNG.DDS",
      "size": 43920,
      "date": 132400236136581779
    },
    {
      "path": "SimObjects/Airplanes/Orvidius_VL3_RORANGE/TEXTURE.RORANGE/JMB_VL3_AIRFRAME_PROP_BLURRED_SIDE.PNG.DDS.json",
      "size": 119,
      "date": 132400236136561774
    },
    {
      "path": "SimObjects/Airplanes/Orvidius_VL3_RORANGE/TEXTURE.RORANGE/JMB_VL3_AIRFRAME_PROP_SLOW_ALBD.PNG.DDS",
      "size": 5592560,
      "date": 132400236091455849
    },
    {
      "path": "SimObjects/Airplanes/Orvidius_VL3_RORANGE/TEXTURE.RORANGE/JMB_VL3_AIRFRAME_PROP_SLOW_ALBD.PNG.DDS.json",
      "size": 119,
      "date": 132400236091375855
    },
    {
      "path": "SimObjects/Airplanes/Orvidius_VL3_RORANGE/TEXTURE.RORANGE/JMB_VL3_AIRFRAME_PROP_STILL_COMP.PNG.DDS",
      "size": 1398276,
      "date": 132400236059227156
    },
    {
      "path": "SimObjects/Airplanes/Orvidius_VL3_RORANGE/TEXTURE.RORANGE/JMB_VL3_AIRFRAME_PROP_STILL_COMP.PNG.DDS.json",
      "size": 191,
      "date": 132400236059206934
    },
    {
      "path": "SimObjects/Airplanes/Orvidius_VL3_RORANGE/TEXTURE.RORANGE/JMB_VL3_AIRFRAME_PROP_STILL_ALBD.PNG.DDS",
      "size": 699192,
      "date": 132400236320588582
    },
    {
      "path": "SimObjects/Airplanes/Orvidius_VL3_RORANGE/TEXTURE.RORANGE/JMB_VL3_AIRFRAME_PROP_STILL_ALBD.PNG.DDS.json",
      "size": 102,
      "date": 132400236320568580
    },
    {
      "path": "SimObjects/Airplanes/Orvidius_VL3_RORANGE/TEXTURE.RORANGE/JMB_VL3_AIRFRAME_WINGS_ALBD.PNG.DDS",
      "size": 2796344,
      "date": 132400236040844679
    },
    {
      "path": "SimObjects/Airplanes/Orvidius_VL3_RORANGE/TEXTURE.RORANGE/JMB_VL3_AIRFRAME_WINGS_ALBD.PNG.DDS.json",
      "size": 102,
      "date": 132400236040804685
    },
    {
      "path": "SimObjects/Airplanes/Orvidius_VL3_RORANGE/TEXTURE.RORANGE/JMB_VL3_AIRFRAME_WINGS_COMP.PNG.DDS",
      "size": 5592580,
      "date": 132400235934695505
    },
    {
      "path": "SimObjects/Airplanes/Orvidius_VL3_RORANGE/TEXTURE.RORANGE/JMB_VL3_AIRFRAME_WINGS_COMP.PNG.DDS.json",
      "size": 191,
      "date": 132400235934635438
    },
    {
      "path": "SimObjects/Airplanes/Orvidius_VL3_RORANGE/TEXTURE.RORANGE/JMB_VL3_COCKPIT_FLOOR_ALBD.PNG.DDS",
      "size": 2796344,
      "date": 132400236469898776
    },
    {
      "path": "SimObjects/Airplanes/Orvidius_VL3_RORANGE/TEXTURE.RORANGE/JMB_VL3_COCKPIT_FLOOR_ALBD.PNG.DDS.json",
      "size": 102,
      "date": 132400236469848779
    },
    {
      "path": "SimObjects/Airplanes/Orvidius_VL3_RORANGE/TEXTURE.RORANGE/JMB_VL3_COCKPIT_MAIN_INTERIOR_ALBD.PNG.DDS",
      "size": 2796344,
      "date": 132400236361975786
    },
    {
      "path": "SimObjects/Airplanes/Orvidius_VL3_RORANGE/TEXTURE.RORANGE/JMB_VL3_COCKPIT_MAIN_INTERIOR_ALBD.PNG.DDS.json",
      "size": 102,
      "date": 132400236361925786
    },
    {
      "path": "SimObjects/Airplanes/Orvidius_VL3_RORANGE/TEXTURE.RORANGE/JMB_VL3_COCKPIT_SEATS_ALBD.PNG.DDS",
      "size": 2796344,
      "date": 132400236568776070
    },
    {
      "path": "SimObjects/Airplanes/Orvidius_VL3_RORANGE/TEXTURE.RORANGE/JMB_VL3_COCKPIT_SEATS_ALBD.PNG.DDS.json",
      "size": 102,
      "date": 132400236568736071
    },
    {
      "path": "SimObjects/Airplanes/Orvidius_VL3_RORANGE/TEXTURE.RORANGE/JMB_VL3_AIRFRAME_DETAILS_ALBD.PNG.DDS",
      "size": 2796344,
      "date": 132400236145604615
    },
    {
      "path": "SimObjects/Airplanes/Orvidius_VL3_RORANGE/TEXTURE.RORANGE/JMB_VL3_AIRFRAME_DETAILS_ALBD.PNG.DDS.json",
      "size": 102,
      "date": 132400236145564620
    },
    {
      "path": "SimObjects/Airplanes/Orvidius_VL3_RORANGE/TEXTURE.RORANGE/JMB_VL3_AIRFRAME_DETAILS_COMP.PNG.DDS",
      "size": 5592580,
      "date": 132400236136311801
    },
    {
      "path": "SimObjects/Airplanes/Orvidius_VL3_RORANGE/TEXTURE.RORANGE/JMB_VL3_AIRFRAME_DETAILS_COMP.PNG.DDS.json",
      "size": 191,
      "date": 132400236136241821
    },
    {
      "path": "SimObjects/Airplanes/Orvidius_VL3_RORANGE/TEXTURE.RORANGE/JMB_VL3_COCKPIT_SECONDARY_INTERIOR_ALBD.PNG.DDS",
      "size": 2796344,
      "date": 132400236577305990
    },
    {
      "path": "SimObjects/Airplanes/Orvidius_VL3_RORANGE/TEXTURE.RORANGE/JMB_VL3_COCKPIT_SECONDARY_INTERIOR_ALBD.PNG.DDS.json",
      "size": 102,
      "date": 132400236577265990
    },
    {
      "path": "SimObjects/Airplanes/Orvidius_VL3_RORANGE/TEXTURE.RORANGE/texture.CFG",
      "size": 279,
      "date": 132180302230000000
    },
    {
      "path": "SimObjects/Airplanes/Orvidius_VL3_RORANGE/TEXTURE.RORANGE/thumbnail.JPG",
      "size": 154489,
      "date": 132300505110000000
    },
    {
      "path": "SimObjects/Airplanes/Orvidius_VL3_RORANGE/TEXTURE.RORANGE/thumbnail_small.JPG",
      "size": 28649,
      "date": 132300506230000000
    },
    {
      "path": "SimObjects/Airplanes/Orvidius_VL3_RORANGE/MODEL.MAIN/model.CFG",
      "size": 2882,
      "date": 132398914670000000
    }
  ]
}