{
  "content": [
    {
      "path": "SimObjects/Airplanes/Asobo_KingAir350-ADAC/aircraft.cfg",
      "size": 1,
      "date": 132400215225729553
    },
    {
      "path": "SimObjects/Airplanes/Asobo_KingAir350-ADAC/TEXTURE.ADAC/KINGAIR350I_AIRFRAME_DECALS_ALBD.TIF.DDS",
      "size": 1,
      "date": 132400215225729553
    },
    {
      "path": "SimObjects/Airplanes/Asobo_KingAir350-ADAC/TEXTURE.ADAC/KINGAIR350I_AIRFRAME_DECALS_ALBD.TIF.DDS.json",
      "size": 1,
      "date": 132400215225729553
    },
    {
      "path": "SimObjects/Airplanes/Asobo_KingAir350-ADAC/TEXTURE.ADAC/KINGAIR350I_AIRFRAME_ENGINES_ALBD.PNG.DDS",
      "size": 1,
      "date": 132400215225729553
    },
    {
      "path": "SimObjects/Airplanes/Asobo_KingAir350-ADAC/TEXTURE.ADAC/KINGAIR350I_AIRFRAME_ENGINES_ALBD.PNG.DDS.json",
      "size": 1,
      "date": 132400215225729553
    },
    {
      "path": "SimObjects/Airplanes/Asobo_KingAir350-ADAC/TEXTURE.ADAC/KINGAIR350I_AIRFRAME_FUSELAGE_ALBD.PNG.DDS",
      "size": 1,
      "date": 132400215225729553
    },
    {
      "path": "SimObjects/Airplanes/Asobo_KingAir350-ADAC/TEXTURE.ADAC/KINGAIR350I_AIRFRAME_FUSELAGE_ALBD.PNG.DDS.json",
      "size": 1,
      "date": 132400215225729553
    },
    {
      "path": "SimObjects/Airplanes/Asobo_KingAir350-ADAC/TEXTURE.ADAC/KINGAIR350I_AIRFRAME_GLASS_ALBD.PNG.DDS",
      "size": 1,
      "date": 132400215225729553
    },
    {
      "path": "SimObjects/Airplanes/Asobo_KingAir350-ADAC/TEXTURE.ADAC/KINGAIR350I_AIRFRAME_GLASS_ALBD.PNG.DDS.json",
      "size": 1,
      "date": 132400215225729553
    },
    {
      "path": "SimObjects/Airplanes/Asobo_KingAir350-ADAC/TEXTURE.ADAC/KINGAIR350I_AIRFRAME_LANDING_ALBD.PNG.DDS",
      "size": 1,
      "date": 132400215225729553
    },
    {
      "path": "SimObjects/Airplanes/Asobo_KingAir350-ADAC/TEXTURE.ADAC/KINGAIR350I_AIRFRAME_LANDING_ALBD.PNG.DDS.json",
      "size": 1,
      "date": 132400215225729553
    },
    {
      "path": "SimObjects/Airplanes/Asobo_KingAir350-ADAC/TEXTURE.ADAC/KINGAIR350I_AIRFRAME_LIVERY_ALBD.PNG.DDS",
      "size": 1,
      "date": 132400215225729553
    },
    {
      "path": "SimObjects/Airplanes/Asobo_KingAir350-ADAC/TEXTURE.ADAC/KINGAIR350I_AIRFRAME_LIVERY_ALBD.PNG.DDS.json",
      "size": 1,
      "date": 132400215225729553
    },
    {
      "path": "SimObjects/Airplanes/Asobo_KingAir350-ADAC/TEXTURE.ADAC/KINGAIR350I_AIRFRAME_PROP_STATIC_ALBD.PNG.DDS",
      "size": 1,
      "date": 132400215225729553
    },
    {
      "path": "SimObjects/Airplanes/Asobo_KingAir350-ADAC/TEXTURE.ADAC/KINGAIR350I_AIRFRAME_PROP_STATIC_ALBD.PNG.DDS.json",
      "size": 1,
      "date": 132400215225729553
    },
    {
      "path": "SimObjects/Airplanes/Asobo_KingAir350-ADAC/TEXTURE.ADAC/KINGAIR350I_AIRFRAME_TAIL_ALBD.PNG.DDS",
      "size": 1,
      "date": 132400215225729553
    },
    {
      "path": "SimObjects/Airplanes/Asobo_KingAir350-ADAC/TEXTURE.ADAC/KINGAIR350I_AIRFRAME_TAIL_ALBD.PNG.DDS.json",
      "size": 1,
      "date": 132400215225729553
    },
    {
      "path": "SimObjects/Airplanes/Asobo_KingAir350-ADAC/TEXTURE.ADAC/KINGAIR350I_AIRFRAME_WINGS_ALBD.PNG.DDS",
      "size": 1,
      "date": 132400215225729553
    },
    {
      "path": "SimObjects/Airplanes/Asobo_KingAir350-ADAC/TEXTURE.ADAC/KINGAIR350I_AIRFRAME_WINGS_ALBD.PNG.DDS.json",
      "size": 1,
      "date": 132400215225729553
    },
    {
      "path": "SimObjects/Airplanes/Asobo_KingAir350-ADAC/TEXTURE.ADAC/KINGAIR350I_CABIN_DETAILS_ALBD.PNG.DDS",
      "size": 1,
      "date": 132400215225729553
    },
    {
      "path": "SimObjects/Airplanes/Asobo_KingAir350-ADAC/TEXTURE.ADAC/KINGAIR350I_CABIN_DETAILS_ALBD.PNG.DDS.json",
      "size": 1,
      "date": 132400215225729553
    },
    {
      "path": "SimObjects/Airplanes/Asobo_KingAir350-ADAC/TEXTURE.ADAC/KINGAIR350I_CABIN_FLOOR_ALBD.PNG.DDS",
      "size": 1,
      "date": 132400215225729553
    },
    {
      "path": "SimObjects/Airplanes/Asobo_KingAir350-ADAC/TEXTURE.ADAC/KINGAIR350I_CABIN_FLOOR_ALBD.PNG.DDS.json",
      "size": 1,
      "date": 132400215225729553
    },
    {
      "path": "SimObjects/Airplanes/Asobo_KingAir350-ADAC/TEXTURE.ADAC/KINGAIR350I_CABIN_SEATS_ALBD.PNG.DDS",
      "size": 1,
      "date": 132400215225729553
    },
    {
      "path": "SimObjects/Airplanes/Asobo_KingAir350-ADAC/TEXTURE.ADAC/KINGAIR350I_CABIN_SEATS_ALBD.PNG.DDS.json",
      "size": 1,
      "date": 132400215225729553
    },
    {
      "path": "SimObjects/Airplanes/Asobo_KingAir350-ADAC/TEXTURE.ADAC/KINGAIR350I_CABIN_WALL_ALBD.PNG.DDS",
      "size": 1,
      "date": 132400215225729553
    },
    {
      "path": "SimObjects/Airplanes/Asobo_KingAir350-ADAC/TEXTURE.ADAC/KINGAIR350I_CABIN_WALL_ALBD.PNG.DDS.json",
      "size": 1,
      "date": 132400215225729553
    },
    {
      "path": "SimObjects/Airplanes/Asobo_KingAir350-ADAC/TEXTURE.ADAC/KINGAIR350I_COCKPIT_FLOOR_ALBD.PNG.DDS",
      "size": 1,
      "date": 132400215225729553
    },
    {
      "path": "SimObjects/Airplanes/Asobo_KingAir350-ADAC/TEXTURE.ADAC/KINGAIR350I_COCKPIT_FLOOR_ALBD.PNG.DDS.json",
      "size": 1,
      "date": 132400215225729553
    },
    {
      "path": "SimObjects/Airplanes/Asobo_KingAir350-ADAC/TEXTURE.ADAC/KINGAIR350I_COCKPIT_OVERHEAD_ALBD.PNG.DDS",
      "size": 1,
      "date": 132400215225729553
    },
    {
      "path": "SimObjects/Airplanes/Asobo_KingAir350-ADAC/TEXTURE.ADAC/KINGAIR350I_COCKPIT_OVERHEAD_ALBD.PNG.DDS.json",
      "size": 1,
      "date": 132400215225729553
    },
    {
      "path": "SimObjects/Airplanes/Asobo_KingAir350-ADAC/TEXTURE.ADAC/KINGAIR350I_COCKPIT_PANEL_ALBD.PNG.DDS",
      "size": 1,
      "date": 132400215225729553
    },
    {
      "path": "SimObjects/Airplanes/Asobo_KingAir350-ADAC/TEXTURE.ADAC/KINGAIR350I_COCKPIT_PANEL_ALBD.PNG.DDS.json",
      "size": 1,
      "date": 132400215225729553
    },
    {
      "path": "SimObjects/Airplanes/Asobo_KingAir350-ADAC/TEXTURE.ADAC/KINGAIR350I_COCKPIT_SEATS_ALBD.PNG.DDS",
      "size": 1,
      "date": 132400215225729553
    },
    {
      "path": "SimObjects/Airplanes/Asobo_KingAir350-ADAC/TEXTURE.ADAC/KINGAIR350I_COCKPIT_SEATS_ALBD.PNG.DDS.json",
      "size": 1,
      "date": 132400215225729553
    },
    {
      "path": "SimObjects/Airplanes/Asobo_KingAir350-ADAC/TEXTURE.ADAC/texture.CFG",
      "size": 1,
      "date": 132400215225729553
    },
    {
      "path": "SimObjects/Airplanes/Asobo_KingAir350-ADAC/TEXTURE.ADAC/thumbnail.JPG",
      "size": 1,
      "date": 132400215225729553
    },
    {
      "path": "SimObjects/Airplanes/Asobo_KingAir350-ADAC/TEXTURE.ADAC/thumbnail_small.JPG",
      "size": 1,
      "date": 132400215225729553
    },
    {
      "path": "SimObjects/Airplanes/Asobo_KingAir350-ADAC/MODEL.MAIN/model.CFG",
      "size": 1,
      "date": 132400215225729553
    }
  ]
}