{
  "content": [
    {
      "path": "SimObjects/Airplanes/Asobo_A320_NEO-EDELWEISS/aircraft.cfg",
      "size": 1,
      "date": 132400215225729553
    },
    {
      "path": "SimObjects/Airplanes/Asobo_A320_NEO-EDELWEISS/MODEL.AIEDELWEISS/model.cfg",
      "size": 1,
      "date": 132400215225729553
    },
    {
      "path": "SimObjects/Airplanes/Asobo_A320_NEO-EDELWEISS/TEXTURE.EDELWEISS/A320NEO_AIRFRAME_ENGINES_ALBD.png.dds",
      "size": 1,
      "date": 132400215225729553
    },
    {
      "path": "SimObjects/Airplanes/Asobo_A320_NEO-EDELWEISS/TEXTURE.EDELWEISS/A320NEO_AIRFRAME_ENGINES_ALBD.PNG.DDS.json",
      "size": 1,
      "date": 132400215225729553
    },
    {
      "path": "SimObjects/Airplanes/Asobo_A320_NEO-EDELWEISS/TEXTURE.EDELWEISS/A320NEO_AIRFRAME_FUSELAGE_ALBD.dds",
      "size": 1,
      "date": 132400215225729553
    },
    {
      "path": "SimObjects/Airplanes/Asobo_A320_NEO-EDELWEISS/TEXTURE.EDELWEISS/A320NEO_AIRFRAME_FUSELAGE_ALBD.PNG",
      "size": 1,
      "date": 132400215225729553
    },
    {
      "path": "SimObjects/Airplanes/Asobo_A320_NEO-EDELWEISS/TEXTURE.EDELWEISS/A320NEO_AIRFRAME_FUSELAGE_ALBD.png.dds",
      "size": 1,
      "date": 132400215225729553
    },
    {
      "path": "SimObjects/Airplanes/Asobo_A320_NEO-EDELWEISS/TEXTURE.EDELWEISS/A320NEO_AIRFRAME_FUSELAGE_ALBD.PNG.DDS.json",
      "size": 1,
      "date": 132400215225729553
    },
    {
      "path": "SimObjects/Airplanes/Asobo_A320_NEO-EDELWEISS/TEXTURE.EDELWEISS/A320NEO_AIRFRAME_LIVERY_ALBD.png.dds",
      "size": 1,
      "date": 132400215225729553
    },
    {
      "path": "SimObjects/Airplanes/Asobo_A320_NEO-EDELWEISS/TEXTURE.EDELWEISS/A320NEO_AIRFRAME_LIVERY_ALBD.PNG.DDS.json",
      "size": 1,
      "date": 132400215225729553
    },
    {
      "path": "SimObjects/Airplanes/Asobo_A320_NEO-EDELWEISS/TEXTURE.EDELWEISS/A320NEO_AIRFRAME_LIVERY_TEXTS_ALBD.png.dds",
      "size": 1,
      "date": 132400215225729553
    },
    {
      "path": "SimObjects/Airplanes/Asobo_A320_NEO-EDELWEISS/TEXTURE.EDELWEISS/A320NEO_AIRFRAME_LIVERY_TEXTS_ALBD.PNG.DDS.json",
      "size": 1,
      "date": 132400215225729553
    },
    {
      "path": "SimObjects/Airplanes/Asobo_A320_NEO-EDELWEISS/TEXTURE.EDELWEISS/A320NEO_AIRFRAME_WINGS_ALBD.PNG",
      "size": 1,
      "date": 132400215225729553
    },
    {
      "path": "SimObjects/Airplanes/Asobo_A320_NEO-EDELWEISS/TEXTURE.EDELWEISS/A320NEO_AIRFRAME_WINGS_ALBD.png.dds",
      "size": 1,
      "date": 132400215225729553
    },
    {
      "path": "SimObjects/Airplanes/Asobo_A320_NEO-EDELWEISS/TEXTURE.EDELWEISS/A320NEO_AIRFRAME_WINGS_ALBD.PNG.DDS.json",
      "size": 1,
      "date": 132400215225729553
    },
    {
      "path": "SimObjects/Airplanes/Asobo_A320_NEO-EDELWEISS/TEXTURE.EDELWEISS/texture.CFG",
      "size": 1,
      "date": 132400215225729553
    },
    {
      "path": "SimObjects/Airplanes/Asobo_A320_NEO-EDELWEISS/TEXTURE.EDELWEISS/thumbnail.jpg",
      "size": 1,
      "date": 132400215225729553
    },
    {
      "path": "SimObjects/Airplanes/Asobo_A320_NEO-EDELWEISS/TEXTURE.EDELWEISS/thumbnail_small.JPG",
      "size": 1,
      "date": 132400215225729553
    },
    {
      "path": "SimObjects/Airplanes/Asobo_A320_NEO-EDELWEISS/MODEL.MAIN/model.CFG",
      "size": 1,
      "date": 132400215225729553
    }
  ]
}