{
  "content": [
	{
	  "path": "SimObjects/Airplanes/Elizabeth/aircraft.cfg",
      "size": 1,
      "date": 132400215225729553
	},
	{
	  "path": "SimObjects/Airplanes/Elizabeth/model.Elizabeth/model.CFG",
      "size": 1,
      "date": 132400215225729553
	},
	{
	  "path": "SimObjects/Airplanes/Elizabeth/panel.Elizabeth/PANEL.CFG",
      "size": 1,
      "date": 132400215225729553
	},
	{
	  "path": "SimObjects/Airplanes/Elizabeth/panel.Elizabeth/panel.xml",
      "size": 1,
      "date": 132400215225729553
	},
	{
	  "path": "SimObjects/Airplanes/Elizabeth/texture.Elizabeth/SAVAGE_CUB_AIRFRAME_FUSELAGE_ALBD.PNG.DDS",
      "size": 1,
      "date": 132400215225729553
	},
	{
	  "path": "SimObjects/Airplanes/Elizabeth/texture.Elizabeth/SAVAGE_CUB_AIRFRAME_FUSELAGE_ALBD.PNG.DDS.json",
      "size": 1,
      "date": 132400215225729553
	},
	{
	  "path": "SimObjects/Airplanes/Elizabeth/texture.Elizabeth/SAVAGE_CUB_AIRFRAME_LANDING_GEARS_ALBD.PNG.DDS",
      "size": 1,
      "date": 132400215225729553
	},
	{
	  "path": "SimObjects/Airplanes/Elizabeth/texture.Elizabeth/SAVAGE_CUB_AIRFRAME_LANDING_GEARS_ALBD.PNG.DDS.json",
      "size": 1,
      "date": 132400215225729553
	},
	{
	  "path": "SimObjects/Airplanes/Elizabeth/texture.Elizabeth/SAVAGE_CUB_AIRFRAME_LIGHTS_ALBD.PNG.DDS",
      "size": 1,
      "date": 132400215225729553
	},
	{
	  "path": "SimObjects/Airplanes/Elizabeth/texture.Elizabeth/SAVAGE_CUB_AIRFRAME_LIGHTS_ALBD.PNG.DDS.json",
      "size": 1,
      "date": 132400215225729553
	},
	{
	  "path": "SimObjects/Airplanes/Elizabeth/texture.Elizabeth/SAVAGE_CUB_AIRFRAME_LIVERY_ALBD.PNG.DDS",
      "size": 1,
      "date": 132400215225729553
	},
	{
	  "path": "SimObjects/Airplanes/Elizabeth/texture.Elizabeth/SAVAGE_CUB_AIRFRAME_LIVERY_ALBD.PNG.DDS.json",
      "size": 1,
      "date": 132400215225729553
	},
	{
	  "path": "SimObjects/Airplanes/Elizabeth/texture.Elizabeth/SAVAGE_CUB_AIRFRAME_PROPELLER_BLUR_ALBD.PNG.DDS",
      "size": 1,
      "date": 132400215225729553
	},
	{
	  "path": "SimObjects/Airplanes/Elizabeth/texture.Elizabeth/SAVAGE_CUB_AIRFRAME_PROPELLER_BLUR_ALBD.PNG.DDS.json",
      "size": 1,
      "date": 132400215225729553
	},
	{
	  "path": "SimObjects/Airplanes/Elizabeth/texture.Elizabeth/SAVAGE_CUB_AIRFRAME_PROP_SIDE.PNG.DDS",
      "size": 1,
      "date": 132400215225729553
	},
	{
	  "path": "SimObjects/Airplanes/Elizabeth/texture.Elizabeth/SAVAGE_CUB_AIRFRAME_PROP_SIDE.PNG.DDS.json",
      "size": 1,
      "date": 132400215225729553
	},
	{
	  "path": "SimObjects/Airplanes/Elizabeth/texture.Elizabeth/SAVAGE_CUB_AIRFRAME_RIVETS_ALBD.PNG.DDS",
      "size": 1,
      "date": 132400215225729553
	},
	{
	  "path": "SimObjects/Airplanes/Elizabeth/texture.Elizabeth/SAVAGE_CUB_AIRFRAME_RIVETS_ALBD.PNG.DDS.json",
      "size": 1,
      "date": 132400215225729553
	},
	{
	  "path": "SimObjects/Airplanes/Elizabeth/texture.Elizabeth/SAVAGE_CUB_AIRFRAME_TEXTS_ALBD.PNG.DDS",
      "size": 1,
      "date": 132400215225729553
	},
	{
	  "path": "SimObjects/Airplanes/Elizabeth/texture.Elizabeth/SAVAGE_CUB_AIRFRAME_TEXTS_ALBD.PNG.DDS.FLAGS",
      "size": 1,
      "date": 132400215225729553
	},
	{
	  "path": "SimObjects/Airplanes/Elizabeth/texture.Elizabeth/SAVAGE_CUB_AIRFRAME_TEXTS_ALBD.PNG.DDS.json",
      "size": 1,
      "date": 132400215225729553
	},
	{
	  "path": "SimObjects/Airplanes/Elizabeth/texture.Elizabeth/SAVAGE_CUB_AIRFRAME_WINGS_ALBD.PNG.DDS",
      "size": 1,
      "date": 132400215225729553
	},
	{
	  "path": "SimObjects/Airplanes/Elizabeth/texture.Elizabeth/SAVAGE_CUB_AIRFRAME_WINGS_ALBD.PNG.DDS.json",
      "size": 1,
      "date": 132400215225729553
	},
	{
	  "path": "SimObjects/Airplanes/Elizabeth/texture.Elizabeth/SAVAGE_CUB_AIRFRAME_X6_ALBD.PNG.dds",
      "size": 1,
      "date": 132400215225729553
	},
	{
	  "path": "SimObjects/Airplanes/Elizabeth/texture.Elizabeth/SAVAGE_CUB_AIRFRAME_X6_ALBD.PNG.DDS.json",
      "size": 1,
      "date": 132400215225729553
	},
	{
	  "path": "SimObjects/Airplanes/Elizabeth/texture.Elizabeth/SAVAGE_CUB_COCKPIT_FLOOR_BACK_ALBD.PNG.DDS",
      "size": 1,
      "date": 132400215225729553
	},
	{
	  "path": "SimObjects/Airplanes/Elizabeth/texture.Elizabeth/SAVAGE_CUB_COCKPIT_FLOOR_BACK_ALBD.PNG.DDS.json",
      "size": 1,
      "date": 132400215225729553
	},
	{
	  "path": "SimObjects/Airplanes/Elizabeth/texture.Elizabeth/SAVAGE_CUB_COCKPIT_INPUTS_ALBD.PNG.DDS",
      "size": 1,
      "date": 132400215225729553
	},
	{
	  "path": "SimObjects/Airplanes/Elizabeth/texture.Elizabeth/SAVAGE_CUB_COCKPIT_INPUTS_ALBD.PNG.DDS.json",
      "size": 1,
      "date": 132400215225729553
	},
	{
	  "path": "SimObjects/Airplanes/Elizabeth/texture.Elizabeth/SAVAGE_CUB_COCKPIT_MAIN_PANEL_ALBD.PNG.DDS",
      "size": 1,
      "date": 132400215225729553
	},
	{
	  "path": "SimObjects/Airplanes/Elizabeth/texture.Elizabeth/SAVAGE_CUB_COCKPIT_MAIN_PANEL_ALBD.PNG.DDS.json",
      "size": 1,
      "date": 132400215225729553
	},
	{
	  "path": "SimObjects/Airplanes/Elizabeth/texture.Elizabeth/SAVAGE_CUB_COCKPIT_PEDALS_ALBD.PNG.DDS",
      "size": 1,
      "date": 132400215225729553
	},
	{
	  "path": "SimObjects/Airplanes/Elizabeth/texture.Elizabeth/SAVAGE_CUB_COCKPIT_PEDALS_ALBD.PNG.DDS.json",
      "size": 1,
      "date": 132400215225729553
	},
    {
      "path": "SimObjects/Airplanes/Elizabeth/texture.Elizabeth/SAVAGE_CUB_COCKPIT_SEATS_ALBD.PNG.DDS",
      "size": 1,
      "date": 132400215225729553
    },
    {
      "path": "SimObjects/Airplanes/Elizabeth/texture.Elizabeth/SAVAGE_CUB_COCKPIT_SEATS_ALBD.PNG.DDS.json",
      "size": 1,
      "date": 132400215225729553
    },	
	{
	  "path": "SimObjects/Airplanes/Elizabeth/texture.Elizabeth/SAVAGE_CUB_COCKPIT_SIDES_ALBD.PNG.DDS",
      "size": 1,
      "date": 132400215225729553
	},
	{
	  "path": "SimObjects/Airplanes/Elizabeth/texture.Elizabeth/SAVAGE_CUB_COCKPIT_SIDES_ALBD.PNG.DDS.json",
      "size": 1,
      "date": 132400215225729553
	},
	{
	  "path": "SimObjects/Airplanes/Elizabeth/texture.Elizabeth/texture.CFG",
      "size": 1,
      "date": 132400215225729553
	},
	{
	  "path": "SimObjects/Airplanes/Elizabeth/texture.Elizabeth/thumbnail.jpg",
      "size": 1,
      "date": 132400215225729553
	},
	{
	  "path": "SimObjects/Airplanes/Elizabeth/texture.Elizabeth/thumbnail_small.jpg",
      "size": 1,
      "date": 132400215225729553
	}
  ]
}
