{
  "content": [
	{
      "path": "SimObjects/Airplanes/Asobo_B747_8i-PAL/MODEL.MAIN/model.CFG",
      "size": 2796344,
      "date": 132400218603233713
    },
    {
      "path": "manifest.json",
      "size": 301,
      "date": 132437052000000000
    },
    {
      "path": "SimObjects/Airplanes/Asobo_B747_8i-PAL/aircraft.cfg",
      "size": 10060,
      "date": 132367900270000000
    },
  	{
      "path": "SimObjects/Airplanes/Asobo_B747_8i-PAL/TEXTURE.PAL/747_8I_AIRFRAME_BELLY_ALBD.PNG.DDS",
      "size": 1989,
      "date": 132408467137908381
    },
  	{
      "path": "SimObjects/Airplanes/Asobo_B747_8i-PAL/TEXTURE.PAL/747_8I_AIRFRAME_ENGINEBODY_ALBD.PNG.DDS",
      "size": 1989,
      "date": 132408467137908381
    },
  	{
      "path": "SimObjects/Airplanes/Asobo_B747_8i-PAL/TEXTURE.PAL/747_8I_AIRFRAME_HULL_ALBD.PNG.DDS",
      "size": 1989,
      "date": 132408467137908381
    },
  	{
      "path": "SimObjects/Airplanes/Asobo_B747_8i-PAL/TEXTURE.PAL/747_8I_AIRFRAME_LIVERY_ALBD.PNG.DDS",
      "size": 1989,
      "date": 132408467137908381
    },
  	{
      "path": "SimObjects/Airplanes/Asobo_B747_8i-PAL/TEXTURE.PAL/747_8I_AIRFRAME_LIVERY2_ALBD.PNG.DDS",
      "size": 1989,
      "date": 132408467137908381
    },
	  {
      "path": "SimObjects/Airplanes/Asobo_B747_8i-PAL/TEXTURE.PAL/747_8I_AIRFRAME_WING_ALBD.PNG.DDS",
      "size": 1989,
      "date": 132408467137908381
    },
  	{
      "path": "SimObjects/Airplanes/Asobo_B747_8i-PAL/TEXTURE.PAL/747_8I_AIRFRAME_WINGFLAPS_ALBD.PNG.DDS",
      "size": 1989,
      "date": 132408467137908381
    },
  	{
      "path": "SimObjects/Airplanes/Asobo_B747_8i-PAL/TEXTURE.PAL/747_8I_AIRFRAME_BELLY_ALBD.PNG.DDS.json",
      "size": 1989,
      "date": 132408467137908381
    },
  	{
      "path": "SimObjects/Airplanes/Asobo_B747_8i-PAL/TEXTURE.PAL/747_8I_AIRFRAME_ENGINEBODY_ALBD.PNG.DDS.json",
      "size": 1989,
      "date": 132408467137908381
    },
  	{
      "path": "SimObjects/Airplanes/Asobo_B747_8i-PAL/TEXTURE.PAL/747_8I_AIRFRAME_HULL_ALBD.PNG.DDS.json",
      "size": 1989,
      "date": 132408467137908381
    },
  	{
      "path": "SimObjects/Airplanes/Asobo_B747_8i-PAL/TEXTURE.PAL/747_8I_AIRFRAME_LIVERY_ALBD.PNG.DDS.json",
      "size": 1989,
      "date": 132408467137908381
    },
  	{
      "path": "SimObjects/Airplanes/Asobo_B747_8i-PAL/TEXTURE.PAL/747_8I_AIRFRAME_LIVERY2_ALBD.PNG.DDS.json",
      "size": 1989,
      "date": 132408467137908381
    },
  	{
      "path": "SimObjects/Airplanes/Asobo_B747_8i-PAL/TEXTURE.PAL/747_8I_AIRFRAME_WING_ALBD.PNG.DDS.json",
      "size": 1989,
      "date": 132408467137908381
    },
  	{
      "path": "SimObjects/Airplanes/Asobo_B747_8i-PAL/TEXTURE.PAL/747_8I_AIRFRAME_WINGFLAPS_ALBD.PNG.DDS.json",
      "size": 1989,
      "date": 132408467137908381
    },
  	{
      "path": "SimObjects/Airplanes/Asobo_B747_8i-PAL/TEXTURE.PAL/texture.CFG",
      "size": 1989,
      "date": 132408467137908381
    },
  	{
      "path": "SimObjects/Airplanes/Asobo_B747_8i-PAL/TEXTURE.PAL/thumbnail.JPG",
      "size": 1989,
      "date": 132408467137908381
    },
	  {
      "path": "SimObjects/Airplanes/Asobo_B747_8i-PAL/TEXTURE.PAL/thumbnail_small.JPG",
      "size": 1989,
      "date": 132408467137908381
    }
  ]
}