{
  "content": [
	{
	  "path": "SimObjects/Airplanes/Asobo_A320_NEO-BAWlandor/aircraft.cfg",
	  "size": 4152,
	  "date": 1604365794259
	},
	{
	  "path": "SimObjects/Airplanes/Asobo_A320_NEO-BAWlandor/MODEL.AIBAWlandor/model.cfg",
	  "size": 249,
	  "date": 315576060000
	},
	{
	  "path": "SimObjects/Airplanes/Asobo_A320_NEO-BAWlandor/MODEL.MAIN/model.CFG",
	  "size": 938,
	  "date": 1604336826937
	},
	{
	  "path": "SimObjects/Airplanes/Asobo_A320_NEO-BAWlandor/TEXTURE.BAWlandor/A320NEO_AIRFRAME_ENGINES_ALBD.PNG.DDS",
	  "size": 16777364,
	  "date": 1600628066390
	},
	{
	  "path": "SimObjects/Airplanes/Asobo_A320_NEO-BAWlandor/TEXTURE.BAWlandor/A320NEO_AIRFRAME_ENGINES_ALBD.PNG.DDS.json",
	  "size": 102,
	  "date": 1596825798000
	},
	{
	  "path": "SimObjects/Airplanes/Asobo_A320_NEO-BAWlandor/TEXTURE.BAWlandor/A320NEO_AIRFRAME_ENGINES_COMP.PNG.DDS",
	  "size": 4194452,
	  "date": 1601823199556
	},
	{
	  "path": "SimObjects/Airplanes/Asobo_A320_NEO-BAWlandor/TEXTURE.BAWlandor/A320NEO_AIRFRAME_ENGINES_COMP.PNG.DDS.json",
	  "size": 191,
	  "date": 1599520642140
	},
	{
	  "path": "SimObjects/Airplanes/Asobo_A320_NEO-BAWlandor/TEXTURE.BAWlandor/A320NEO_AIRFRAME_FUSELAGE_ALBD.PNG.dds",
	  "size": 16777364,
	  "date": 1601817077468
	},
	{
	  "path": "SimObjects/Airplanes/Asobo_A320_NEO-BAWlandor/TEXTURE.BAWlandor/A320NEO_AIRFRAME_FUSELAGE_ALBD.PNG.DDS.json",
	  "size": 102,
	  "date": 1596825798000
	},
	{
	  "path": "SimObjects/Airplanes/Asobo_A320_NEO-BAWlandor/TEXTURE.BAWlandor/A320NEO_AIRFRAME_FUSELAGE_COMP.PNG.dds",
	  "size": 4194452,
	  "date": 1601822330713
	},
	{
	  "path": "SimObjects/Airplanes/Asobo_A320_NEO-BAWlandor/TEXTURE.BAWlandor/A320NEO_AIRFRAME_FUSELAGE_COMP.PNG.DDS.json",
	  "size": 191,
	  "date": 1599520642335
	},
	{
	  "path": "SimObjects/Airplanes/Asobo_A320_NEO-BAWlandor/TEXTURE.BAWlandor/A320NEO_AIRFRAME_LIVERY_ALBD.PNG.DDS",
	  "size": 4194432,
	  "date": 1599488976194
	},
	{
	  "path": "SimObjects/Airplanes/Asobo_A320_NEO-BAWlandor/TEXTURE.BAWlandor/A320NEO_AIRFRAME_LIVERY_ALBD.PNG.DDS.json",
	  "size": 119,
	  "date": 1596102912000
	},
	{
	  "path": "SimObjects/Airplanes/Asobo_A320_NEO-BAWlandor/TEXTURE.BAWlandor/A320NEO_AIRFRAME_LIVERY_TEXTS_ALBD.PNG.dds",
	  "size": 4194432,
	  "date": 1598487074437
	},
	{
	  "path": "SimObjects/Airplanes/Asobo_A320_NEO-BAWlandor/TEXTURE.BAWlandor/A320NEO_AIRFRAME_LIVERY_TEXTS_ALBD.PNG.DDS.json",
	  "size": 119,
	  "date": 1596102912000
	},
	{
	  "path": "SimObjects/Airplanes/Asobo_A320_NEO-BAWlandor/TEXTURE.BAWlandor/A320NEO_AIRFRAME_WINGS_ALBD.PNG.DDS",
	  "size": 16777364,
	  "date": 1600629576197
	},
	{
	  "path": "SimObjects/Airplanes/Asobo_A320_NEO-BAWlandor/TEXTURE.BAWlandor/A320NEO_AIRFRAME_WINGS_ALBD.PNG.DDS.json",
	  "size": 102,
	  "date": 1596825798000
	},
	{
	  "path": "SimObjects/Airplanes/Asobo_A320_NEO-BAWlandor/TEXTURE.BAWlandor/A320NEO_AIRFRAME_WINGS_COMP.PNG.DDS",
	  "size": 4194452,
	  "date": 1601823152358
	},
	{
	  "path": "SimObjects/Airplanes/Asobo_A320_NEO-BAWlandor/TEXTURE.BAWlandor/A320NEO_AIRFRAME_WINGS_COMP.PNG.DDS.json",
	  "size": 191,
	  "date": 1599520643059
	},
	{
	  "path": "SimObjects/Airplanes/Asobo_A320_NEO-BAWlandor/TEXTURE.BAWlandor/A320NEO_COCKPIT_OVERHEAD_ALBD.PNG.DDS.json",
	  "size": 102,
	  "date": 1597693350000
	},
	{
	  "path": "SimObjects/Airplanes/Asobo_A320_NEO-BAWlandor/TEXTURE.BAWlandor/texture.CFG",
	  "size": 205,
	  "date": 1599312384891
	},
	{
	  "path": "SimObjects/Airplanes/Asobo_A320_NEO-BAWlandor/TEXTURE.BAWlandor/thumbnail.jpg",
	  "size": 47066,
	  "date": 1600647679974
	},
	{
	  "path": "SimObjects/Airplanes/Asobo_A320_NEO-BAWlandor/TEXTURE.BAWlandor/thumbnail_small.jpg",
	  "size": 9942,
	  "date": 1600647680000
	}
  ]
}
