{
  "content": [
    {
      "path": "de-DE.locPak",
      "size": 1728,
      "date": 132408496708707009
    },
    {
      "path": "en-US.locPak",
      "size": 1487,
      "date": 132408496708687018
    },
    {
      "path": "es-ES.locPak",
      "size": 1611,
      "date": 132408496708677247
    },
    {
      "path": "fr-FR.locPak",
      "size": 1689,
      "date": 132408496708717243
    },
    {
      "path": "it-IT.locPak",
      "size": 1646,
      "date": 132408496708717243
    },
    {
      "path": "pl-PL.locPak",
      "size": 1764,
      "date": 132408496708677247
    },
    {
      "path": "pt-BR.locPak",
      "size": 1572,
      "date": 132408496708667232
    },
    {
      "path": "ru-RU.locPak",
      "size": 2759,
      "date": 132408496708697251
    },
    {
      "path": "SimObjects/Airplanes/Asobo_KingAir350-RFDS/aircraft.cfg",
      "size": 3585,
      "date": 132361714750000000
    },
    {
      "path": "SimObjects/Airplanes/Asobo_KingAir350-RFDS/TEXTURE.RFDS/KINGAIR350I_AIRFRAME_DECALS_ALBD.TIF.DDS",
      "size": 5592560,
      "date": 132400244659276544
    },
    {
      "path": "SimObjects/Airplanes/Asobo_KingAir350-RFDS/TEXTURE.RFDS/KINGAIR350I_AIRFRAME_DECALS_ALBD.TIF.DDS.json",
      "size": 119,
      "date": 132400244659196554
    },
    {
      "path": "SimObjects/Airplanes/Asobo_KingAir350-RFDS/TEXTURE.RFDS/KINGAIR350I_AIRFRAME_ENGINES_ALBD.PNG.DDS",
      "size": 2796344,
      "date": 132400244702893689
    },
    {
      "path": "SimObjects/Airplanes/Asobo_KingAir350-RFDS/TEXTURE.RFDS/KINGAIR350I_AIRFRAME_ENGINES_ALBD.PNG.DDS.json",
      "size": 102,
      "date": 132400244702853687
    },
    {
      "path": "SimObjects/Airplanes/Asobo_KingAir350-RFDS/TEXTURE.RFDS/KINGAIR350I_AIRFRAME_FUSELAGE_ALBD.PNG.DDS",
      "size": 2796344,
      "date": 132400244796181473
    },
    {
      "path": "SimObjects/Airplanes/Asobo_KingAir350-RFDS/TEXTURE.RFDS/KINGAIR350I_AIRFRAME_FUSELAGE_ALBD.PNG.DDS.json",
      "size": 102,
      "date": 132400244796141473
    },
    {
      "path": "SimObjects/Airplanes/Asobo_KingAir350-RFDS/TEXTURE.RFDS/KINGAIR350I_AIRFRAME_GLASS_ALBD.PNG.DDS",
      "size": 699192,
      "date": 132400243832121860
    },
    {
      "path": "SimObjects/Airplanes/Asobo_KingAir350-RFDS/TEXTURE.RFDS/KINGAIR350I_AIRFRAME_GLASS_ALBD.PNG.DDS.json",
      "size": 102,
      "date": 132400243832101859
    },
    {
      "path": "SimObjects/Airplanes/Asobo_KingAir350-RFDS/TEXTURE.RFDS/KINGAIR350I_AIRFRAME_LANDING_ALBD.PNG.DDS",
      "size": 2796344,
      "date": 132400243873468427
    },
    {
      "path": "SimObjects/Airplanes/Asobo_KingAir350-RFDS/TEXTURE.RFDS/KINGAIR350I_AIRFRAME_LANDING_ALBD.PNG.DDS.json",
      "size": 102,
      "date": 132400243873408428
    },
    {
      "path": "SimObjects/Airplanes/Asobo_KingAir350-RFDS/TEXTURE.RFDS/KINGAIR350I_AIRFRAME_LIVERY_ALBD.PNG.DDS",
      "size": 11064,
      "date": 132400244703083678
    },
    {
      "path": "SimObjects/Airplanes/Asobo_KingAir350-RFDS/TEXTURE.RFDS/KINGAIR350I_AIRFRAME_LIVERY_ALBD.PNG.DDS.json",
      "size": 102,
      "date": 132400244703063684
    },
    {
      "path": "SimObjects/Airplanes/Asobo_KingAir350-RFDS/TEXTURE.RFDS/KINGAIR350I_AIRFRAME_PROP_STATIC_ALBD.PNG.DDS",
      "size": 2796344,
      "date": 132400244707803545
    },
    {
      "path": "SimObjects/Airplanes/Asobo_KingAir350-RFDS/TEXTURE.RFDS/KINGAIR350I_AIRFRAME_PROP_STATIC_ALBD.PNG.DDS.json",
      "size": 102,
      "date": 132400244707753546
    },
    {
      "path": "SimObjects/Airplanes/Asobo_KingAir350-RFDS/TEXTURE.RFDS/KINGAIR350I_AIRFRAME_TAIL_ALBD.PNG.DDS",
      "size": 2796344,
      "date": 132400244713883366
    },
    {
      "path": "SimObjects/Airplanes/Asobo_KingAir350-RFDS/TEXTURE.RFDS/KINGAIR350I_AIRFRAME_TAIL_ALBD.PNG.DDS.json",
      "size": 102,
      "date": 132400244713843362
    },
    {
      "path": "SimObjects/Airplanes/Asobo_KingAir350-RFDS/TEXTURE.RFDS/KINGAIR350I_AIRFRAME_WINGS_ALBD.PNG.DDS",
      "size": 2796344,
      "date": 132400244840065388
    },
    {
      "path": "SimObjects/Airplanes/Asobo_KingAir350-RFDS/TEXTURE.RFDS/KINGAIR350I_AIRFRAME_WINGS_ALBD.PNG.DDS.json",
      "size": 102,
      "date": 132400244840005392
    },
    {
      "path": "SimObjects/Airplanes/Asobo_KingAir350-RFDS/TEXTURE.RFDS/KINGAIR350I_CABIN_DETAILS_ALBD.PNG.DDS",
      "size": 2796344,
      "date": 132400244465992754
    },
    {
      "path": "SimObjects/Airplanes/Asobo_KingAir350-RFDS/TEXTURE.RFDS/KINGAIR350I_CABIN_DETAILS_ALBD.PNG.DDS.json",
      "size": 102,
      "date": 132400244465952751
    },
    {
      "path": "SimObjects/Airplanes/Asobo_KingAir350-RFDS/TEXTURE.RFDS/KINGAIR350I_CABIN_FLOOR_ALBD.PNG.DDS",
      "size": 2796344,
      "date": 132400243942547789
    },
    {
      "path": "SimObjects/Airplanes/Asobo_KingAir350-RFDS/TEXTURE.RFDS/KINGAIR350I_CABIN_FLOOR_ALBD.PNG.DDS.json",
      "size": 102,
      "date": 132400243942507788
    },
    {
      "path": "SimObjects/Airplanes/Asobo_KingAir350-RFDS/TEXTURE.RFDS/KINGAIR350I_CABIN_SEATS_ALBD.PNG.DDS",
      "size": 2796344,
      "date": 132400244473112542
    },
    {
      "path": "SimObjects/Airplanes/Asobo_KingAir350-RFDS/TEXTURE.RFDS/KINGAIR350I_CABIN_SEATS_ALBD.PNG.DDS.json",
      "size": 102,
      "date": 132400244473072547
    },
    {
      "path": "SimObjects/Airplanes/Asobo_KingAir350-RFDS/TEXTURE.RFDS/KINGAIR350I_CABIN_WALL_ALBD.PNG.DDS",
      "size": 2796344,
      "date": 132400244377217957
    },
    {
      "path": "SimObjects/Airplanes/Asobo_KingAir350-RFDS/TEXTURE.RFDS/KINGAIR350I_CABIN_WALL_ALBD.PNG.DDS.json",
      "size": 102,
      "date": 132400244377177956
    },
    {
      "path": "SimObjects/Airplanes/Asobo_KingAir350-RFDS/TEXTURE.RFDS/KINGAIR350I_COCKPIT_FLOOR_ALBD.PNG.DDS",
      "size": 2796344,
      "date": 132400244105048279
    },
    {
      "path": "SimObjects/Airplanes/Asobo_KingAir350-RFDS/TEXTURE.RFDS/KINGAIR350I_COCKPIT_FLOOR_ALBD.PNG.DDS.json",
      "size": 102,
      "date": 132400244104998287
    },
    {
      "path": "SimObjects/Airplanes/Asobo_KingAir350-RFDS/TEXTURE.RFDS/KINGAIR350I_COCKPIT_OVERHEAD_ALBD.PNG.DDS",
      "size": 2796344,
      "date": 132400244382487799
    },
    {
      "path": "SimObjects/Airplanes/Asobo_KingAir350-RFDS/TEXTURE.RFDS/KINGAIR350I_COCKPIT_OVERHEAD_ALBD.PNG.DDS.json",
      "size": 102,
      "date": 132400244382437804
    },
    {
      "path": "SimObjects/Airplanes/Asobo_KingAir350-RFDS/TEXTURE.RFDS/KINGAIR350I_COCKPIT_PANEL_ALBD.PNG.DDS",
      "size": 2796344,
      "date": 132400244528470646
    },
    {
      "path": "SimObjects/Airplanes/Asobo_KingAir350-RFDS/TEXTURE.RFDS/KINGAIR350I_COCKPIT_PANEL_ALBD.PNG.DDS.json",
      "size": 102,
      "date": 132400244528430648
    },
    {
      "path": "SimObjects/Airplanes/Asobo_KingAir350-RFDS/TEXTURE.RFDS/KINGAIR350I_COCKPIT_SEATS_ALBD.PNG.DDS",
      "size": 2796344,
      "date": 132400244248521554
    },
    {
      "path": "SimObjects/Airplanes/Asobo_KingAir350-RFDS/TEXTURE.RFDS/KINGAIR350I_COCKPIT_SEATS_ALBD.PNG.DDS.json",
      "size": 102,
      "date": 132400244248481552
    },
    {
      "path": "SimObjects/Airplanes/Asobo_KingAir350-RFDS/TEXTURE.RFDS/texture.CFG",
      "size": 239,
      "date": 132236430140000000
    },
    {
      "path": "SimObjects/Airplanes/Asobo_KingAir350-RFDS/TEXTURE.RFDS/thumbnail.JPG",
      "size": 310383,
      "date": 132234638890000000
    },
    {
      "path": "SimObjects/Airplanes/Asobo_KingAir350-RFDS/TEXTURE.RFDS/thumbnail_small.JPG",
      "size": 38635,
      "date": 132270121140000000
    },
    {
      "path": "SimObjects/Airplanes/Asobo_KingAir350-RFDS/MODEL.MAIN/model.CFG",
      "size": 3585,
      "date": 132361714750000000
    }
  ]
}