{
  "content": [
    {
      "path": "SimObjects/Airplanes/Asobo_A320_NEO-JAPANAIRLINES/aircraft.cfg",
      "size": 1,
      "date": 132400215225729553
    },
	{
      "path": "SimObjects/AirPlanes/Asobo_A320_NEO-JAPANAIRLINES/MODEL.JAPANAIRLINES/model.cfg",
      "size": 1,
      "date": 132400215225729553
	}, 
    {
      "path": "SimObjects/Airplanes/Asobo_A320_NEO-JAPANAIRLINES/MODEL.AIJAPANAIRLINES/model.cfg",
      "size": 1,
      "date": 132400215225729553
    },
    {
      "path": "SimObjects/Airplanes/Asobo_A320_NEO-JAPANAIRLINES/TEXTURE.JAPANAIRLINES/A320NEO_AIRFRAME_ENGINES_ALBD.PNG.DDS",
      "size": 1,
      "date": 132400215225729553
    },
    {
      "path": "SimObjects/Airplanes/Asobo_A320_NEO-JAPANAIRLINES/TEXTURE.JAPANAIRLINES/A320NEO_AIRFRAME_ENGINES_ALBD.PNG.DDS.json",
      "size": 1,
      "date": 132400215225729553
    },
    {
      "path": "SimObjects/Airplanes/Asobo_A320_NEO-JAPANAIRLINES/TEXTURE.JAPANAIRLINES/A320NEO_AIRFRAME_FUSELAGE_ALBD.PNG.dds",
      "size": 1,
      "date": 132400215225729553
    },
    {
      "path": "SimObjects/Airplanes/Asobo_A320_NEO-JAPANAIRLINES/TEXTURE.JAPANAIRLINES/A320NEO_AIRFRAME_FUSELAGE_ALBD.PNG.DDS.json",
      "size": 1,
      "date": 132400215225729553
    },
    {
      "path": "SimObjects/Airplanes/Asobo_A320_NEO-JAPANAIRLINES/TEXTURE.JAPANAIRLINES/A320NEO_AIRFRAME_LIVERY_ALBD.PNG.DDS",
      "size": 1,
      "date": 132400215225729553
    },
    {
      "path": "SimObjects/Airplanes/Asobo_A320_NEO-JAPANAIRLINES/TEXTURE.JAPANAIRLINES/A320NEO_AIRFRAME_LIVERY_ALBD.PNG.DDS.json",
      "size": 1,
      "date": 132400215225729553
    },
    {
      "path": "SimObjects/Airplanes/Asobo_A320_NEO-JAPANAIRLINES/TEXTURE.JAPANAIRLINES/A320NEO_AIRFRAME_LIVERY_TEXTS_ALBD.PNG.dds",
      "size": 1,
      "date": 132400215225729553
    },
    {
      "path": "SimObjects/Airplanes/Asobo_A320_NEO-JAPANAIRLINES/TEXTURE.JAPANAIRLINES/A320NEO_AIRFRAME_LIVERY_TEXTS_ALBD.PNG.DDS.json",
      "size": 1,
      "date": 132400215225729553
    },
    {
      "path": "SimObjects/Airplanes/Asobo_A320_NEO-JAPANAIRLINES/TEXTURE.JAPANAIRLINES/A320NEO_AIRFRAME_WINGS_ALBD.PNG.DDS",
      "size": 1,
      "date": 132400215225729553
    },
    {
      "path": "SimObjects/Airplanes/Asobo_A320_NEO-JAPANAIRLINES/TEXTURE.JAPANAIRLINES/A320NEO_AIRFRAME_WINGS_ALBD.PNG.DDS.json",
      "size": 1,
      "date": 132400215225729553
    },
    {
      "path": "SimObjects/Airplanes/Asobo_A320_NEO-JAPANAIRLINES/TEXTURE.JAPANAIRLINES/japan-airlines-logo-horizontal.png",
      "size": 1,
      "date": 132400215225729553
    },
    {
      "path": "SimObjects/Airplanes/Asobo_A320_NEO-JAPANAIRLINES/TEXTURE.JAPANAIRLINES/texture.CFG",
      "size": 1,
      "date": 132400215225729553
    },
    {
      "path": "SimObjects/Airplanes/Asobo_A320_NEO-JAPANAIRLINES/TEXTURE.JAPANAIRLINES/thumbnail.jpg",
      "size": 1,
      "date": 132400215225729553
    },
    {
      "path": "SimObjects/Airplanes/Asobo_A320_NEO-JAPANAIRLINES/TEXTURE.JAPANAIRLINES/thumbnail_small.jpg",
      "size": 1,
      "date": 132400215225729553
    }
  ]
}