{
  "content": [
    {
      "path": "SimObjects/Airplanes/Asobo_A320_NEO-ANA/aircraft.cfg",
      "size": 1,
      "date": 132400215225729553
    },
    {
      "path": "SimObjects/Airplanes/Asobo_A320_NEO-ANA/MODEL.AIANA/model.cfg",
      "size": 1,
      "date": 132400215225729553
    },
    {
      "path": "SimObjects/Airplanes/Asobo_A320_NEO-ANA/TEXTURE.ANA/A320NEO_AIRFRAME_ENGINES_ALBD.PNG.DDS",
      "size": 1,
      "date": 132400215225729553
    },
    {
      "path": "SimObjects/Airplanes/Asobo_A320_NEO-ANA/TEXTURE.ANA/A320NEO_AIRFRAME_ENGINES_ALBD.PNG.DDS.json",
      "size": 1,
      "date": 132400215225729553
    },
    {
      "path": "SimObjects/Airplanes/Asobo_A320_NEO-ANA/TEXTURE.ANA/A320NEO_AIRFRAME_FUSELAGE_ALBD.PNG.DDS",
      "size": 1,
      "date": 132400215225729553
    },
    {
      "path": "SimObjects/Airplanes/Asobo_A320_NEO-ANA/TEXTURE.ANA/A320NEO_AIRFRAME_FUSELAGE_ALBD.PNG.DDS.json",
      "size": 1,
      "date": 132400215225729553
    },
    {
      "path": "SimObjects/Airplanes/Asobo_A320_NEO-ANA/TEXTURE.ANA/A320NEO_AIRFRAME_LIVERY_ALBD.PNG.DDS",
      "size": 1,
      "date": 132400215225729553
    },
    {
      "path": "SimObjects/Airplanes/Asobo_A320_NEO-ANA/TEXTURE.ANA/A320NEO_AIRFRAME_LIVERY_ALBD.PNG.DDS.json",
      "size": 1,
      "date": 132400215225729553
    },
    {
      "path": "SimObjects/Airplanes/Asobo_A320_NEO-ANA/TEXTURE.ANA/A320NEO_AIRFRAME_LIVERY_TEXTS_ALBD.PNG.DDS",
      "size": 1,
      "date": 132400215225729553
    },
    {
      "path": "SimObjects/Airplanes/Asobo_A320_NEO-ANA/TEXTURE.ANA/A320NEO_AIRFRAME_LIVERY_TEXTS_ALBD.PNG.DDS.json",
      "size": 1,
      "date": 132400215225729553
    },
    {
      "path": "SimObjects/Airplanes/Asobo_A320_NEO-ANA/TEXTURE.ANA/A320NEO_AIRFRAME_WINGS_ALBD.PNG.DDS",
      "size": 1,
      "date": 132400215225729553
    },
    {
      "path": "SimObjects/Airplanes/Asobo_A320_NEO-ANA/TEXTURE.ANA/A320NEO_AIRFRAME_WINGS_ALBD.PNG.DDS.json",
      "size": 1,
      "date": 132400215225729553
    },
    {
      "path": "SimObjects/Airplanes/Asobo_A320_NEO-ANA/TEXTURE.ANA/SCREENCAPTURE0_LE.PNG",
      "size": 1,
      "date": 132400215225729553
    },
    {
      "path": "SimObjects/Airplanes/Asobo_A320_NEO-ANA/TEXTURE.ANA/SCREENCAPTURE1_LE.PNG",
      "size": 1,
      "date": 132400215225729553
    },
    {
      "path": "SimObjects/Airplanes/Asobo_A320_NEO-ANA/TEXTURE.ANA/texture.CFG",
      "size": 1,
      "date": 132400215225729553
    },
    {
      "path": "SimObjects/Airplanes/Asobo_A320_NEO-ANA/TEXTURE.ANA/thumbnail.JPG",
      "size": 1,
      "date": 132400215225729553
    },
    {
      "path": "SimObjects/Airplanes/Asobo_A320_NEO-ANA/TEXTURE.ANA/thumbnail_small.JPG",
      "size": 1,
      "date": 132400215225729553
    },
    {
      "path": "SimObjects/Airplanes/Asobo_A320_NEO-ANA/MODEL.MAIN/model.CFG",
      "size": 1,
      "date": 132400215225729553
    }
  ]
}