{
  "content": [
    {
      "path": "SimObjects/Airplanes/Asobo_A320_NEO-LUFTHANSA/aircraft.cfg",
      "size": 1,
      "date": 132400215225729553
    },
    {
      "path": "SimObjects/Airplanes/Asobo_A320_NEO-LUFTHANSA/MODEL.AILUFTHANSA/model.cfg",
      "size": 1,
      "date": 132400215225729553
    },
    {
      "path": "SimObjects/Airplanes/Asobo_A320_NEO-LUFTHANSA/TEXTURE.LUFTHANSA/A320NEO_AIRFRAME_ENGINES_ALBD.PNG.DDS",
      "size": 1,
      "date": 132400215225729553
    },
    {
      "path": "SimObjects/Airplanes/Asobo_A320_NEO-LUFTHANSA/TEXTURE.LUFTHANSA/A320NEO_AIRFRAME_ENGINES_ALBD.PNG.DDS.json",
      "size": 1,
      "date": 132400215225729553
    },
    {
      "path": "SimObjects/Airplanes/Asobo_A320_NEO-LUFTHANSA/TEXTURE.LUFTHANSA/A320NEO_AIRFRAME_ENGINES_COMP.PNG.DDS",
      "size": 1,
      "date": 132400215225729553
    },
    {
      "path": "SimObjects/Airplanes/Asobo_A320_NEO-LUFTHANSA/TEXTURE.LUFTHANSA/A320NEO_AIRFRAME_ENGINES_COMP.PNG.DDS.json",
      "size": 1,
      "date": 132400215225729553
    },
    {
      "path": "SimObjects/Airplanes/Asobo_A320_NEO-LUFTHANSA/TEXTURE.LUFTHANSA/A320NEO_AIRFRAME_FUSELAGE_ALBD.PNG",
      "size": 1,
      "date": 132400215225729553
    },
    {
      "path": "SimObjects/Airplanes/Asobo_A320_NEO-LUFTHANSA/TEXTURE.LUFTHANSA/A320NEO_AIRFRAME_FUSELAGE_ALBD.PNG.dds",
      "size": 1,
      "date": 132400215225729553
    },
    {
      "path": "SimObjects/Airplanes/Asobo_A320_NEO-LUFTHANSA/TEXTURE.LUFTHANSA/A320NEO_AIRFRAME_FUSELAGE_ALBD.PNG.DDS.json",
      "size": 1,
      "date": 132400215225729553
    },
    {
      "path": "SimObjects/Airplanes/Asobo_A320_NEO-LUFTHANSA/TEXTURE.LUFTHANSA/A320NEO_AIRFRAME_LIVERY_ALBD.PNG.DDS",
      "size": 1,
      "date": 132400215225729553
    },
    {
      "path": "SimObjects/Airplanes/Asobo_A320_NEO-LUFTHANSA/TEXTURE.LUFTHANSA/A320NEO_AIRFRAME_LIVERY_ALBD.PNG.DDS.json",
      "size": 1,
      "date": 132400215225729553
    },
    {
      "path": "SimObjects/Airplanes/Asobo_A320_NEO-LUFTHANSA/TEXTURE.LUFTHANSA/A320NEO_AIRFRAME_LIVERY_TEXTS_ALBD.PNG.dds",
      "size": 1,
      "date": 132400215225729553
    },
    {
      "path": "SimObjects/Airplanes/Asobo_A320_NEO-LUFTHANSA/TEXTURE.LUFTHANSA/A320NEO_AIRFRAME_LIVERY_TEXTS_ALBD.PNG.DDS.json",
      "size": 1,
      "date": 132400215225729553
    },
    {
      "path": "SimObjects/Airplanes/Asobo_A320_NEO-LUFTHANSA/TEXTURE.LUFTHANSA/A320NEO_AIRFRAME_WINGS_ALBD.PNG.DDS",
      "size": 1,
      "date": 132400215225729553
    },
    {
      "path": "SimObjects/Airplanes/Asobo_A320_NEO-LUFTHANSA/TEXTURE.LUFTHANSA/A320NEO_AIRFRAME_WINGS_ALBD.PNG.DDS.json",
      "size": 1,
      "date": 132400215225729553
    },
    {
      "path": "SimObjects/Airplanes/Asobo_A320_NEO-LUFTHANSA/TEXTURE.LUFTHANSA/texture.CFG",
      "size": 1,
      "date": 132400215225729553
    },
    {
      "path": "SimObjects/Airplanes/Asobo_A320_NEO-LUFTHANSA/TEXTURE.LUFTHANSA/thumbnail.jpg",
      "size": 1,
      "date": 132400215225729553
    },
    {
      "path": "SimObjects/Airplanes/Asobo_A320_NEO-LUFTHANSA/TEXTURE.LUFTHANSA/thumbnail_small.jpg",
      "size": 1,
      "date": 132400215225729553
    },
    {
      "path": "SimObjects/Airplanes/Asobo_A320_NEO-LUFTHANSA/MODEL.MAIN/model.CFG",
      "size": 1,
      "date": 132400215225729553
    }
  ]
}