{
  "content": [
    {
      "path": "SimObjects/Airplanes/Asobo_C172sp_AS1000-CFEFN/aircraft.cfg",
      "size": 1,
      "date": 132400215225729553
    },
    {
      "path": "SimObjects/Airplanes/Asobo_C172sp_AS1000-CFEFN/TEXTURE.CFEFN/C172SP_AIRFRAME_FUSELAGE_ALBD.PNG.DDS",
      "size": 1,
      "date": 132400215225729553
    },
    {
      "path": "SimObjects/Airplanes/Asobo_C172sp_AS1000-CFEFN/TEXTURE.CFEFN/C172SP_AIRFRAME_FUSELAGE_ALBD.PNG.DDS.json",
      "size": 1,
      "date": 132400215225729553
    },
    {
      "path": "SimObjects/Airplanes/Asobo_C172sp_AS1000-CFEFN/TEXTURE.CFEFN/C172SP_AIRFRAME_LIVERYCOLOR_ALBD.PNG.DDS",
      "size": 1,
      "date": 132400215225729553
    },
    {
      "path": "SimObjects/Airplanes/Asobo_C172sp_AS1000-CFEFN/TEXTURE.CFEFN/C172SP_AIRFRAME_LIVERYCOLOR_ALBD.PNG.DDS.json",
      "size": 1,
      "date": 132400215225729553
    },
    {
      "path": "SimObjects/Airplanes/Asobo_C172sp_AS1000-CFEFN/TEXTURE.CFEFN/C172SP_AIRFRAME_LIVERY_ALBD.PNG.DDS",
      "size": 1,
      "date": 132400215225729553
    },
    {
      "path": "SimObjects/Airplanes/Asobo_C172sp_AS1000-CFEFN/TEXTURE.CFEFN/C172SP_AIRFRAME_LIVERY_ALBD.PNG.DDS.json",
      "size": 1,
      "date": 132400215225729553
    },
    {
      "path": "SimObjects/Airplanes/Asobo_C172sp_AS1000-CFEFN/TEXTURE.CFEFN/C172SP_AIRFRAME_TAILLANDING_ALBD.PNG.DDS",
      "size": 1,
      "date": 132400215225729553
    },
    {
      "path": "SimObjects/Airplanes/Asobo_C172sp_AS1000-CFEFN/TEXTURE.CFEFN/C172SP_AIRFRAME_TAILLANDING_ALBD.PNG.DDS.json",
      "size": 1,
      "date": 132400215225729553
    },
    {
      "path": "SimObjects/Airplanes/Asobo_C172sp_AS1000-CFEFN/TEXTURE.CFEFN/C172SP_AIRFRAME_WINGS_ALBD.PNG.DDS",
      "size": 1,
      "date": 132400215225729553
    },
    {
      "path": "SimObjects/Airplanes/Asobo_C172sp_AS1000-CFEFN/TEXTURE.CFEFN/C172SP_AIRFRAME_WINGS_ALBD.PNG.DDS.json",
      "size": 1,
      "date": 132400215225729553
    },
    {
      "path": "SimObjects/Airplanes/Asobo_C172sp_AS1000-CFEFN/TEXTURE.CFEFN/texture.CFG",
      "size": 1,
      "date": 132400215225729553
    },
    {
      "path": "SimObjects/Airplanes/Asobo_C172sp_AS1000-CFEFN/TEXTURE.CFEFN/thumbnail.JPG",
      "size": 1,
      "date": 132400215225729553
    },
    {
      "path": "SimObjects/Airplanes/Asobo_C172sp_AS1000-CFEFN/TEXTURE.CFEFN/thumbnail_small.JPG",
      "size": 1,
      "date": 132400215225729553
    },
    {
      "path": "SimObjects/Airplanes/Asobo_C172sp_AS1000-CFEFN/MODEL.MAIN/model.CFG",
      "size": 1,
      "date": 132400215225729553
    }
  ]
}