{
  "content": [
    {
      "path": "SimObjects/Airplanes/Asobo_Savage_Cub-BLACKOUT/aircraft.cfg",
      "size": 1,
      "date": 132400215225729553
    },
    {
      "path": "SimObjects/Airplanes/Asobo_Savage_Cub-BLACKOUT/TEXTURE.BLACKOUT/SAVAGE_CUB_AIRFRAME_FUSELAGE_ALBD.PNG.DDS",
      "size": 1,
      "date": 132400215225729553
    },
    {
      "path": "SimObjects/Airplanes/Asobo_Savage_Cub-BLACKOUT/TEXTURE.BLACKOUT/SAVAGE_CUB_AIRFRAME_FUSELAGE_ALBD.PNG.DDS.json",
      "size": 1,
      "date": 132400215225729553
    },
    {
      "path": "SimObjects/Airplanes/Asobo_Savage_Cub-BLACKOUT/TEXTURE.BLACKOUT/SAVAGE_CUB_AIRFRAME_LANDING_GEARS_ALBD.PNG.DDS",
      "size": 1,
      "date": 132400215225729553
    },
    {
      "path": "SimObjects/Airplanes/Asobo_Savage_Cub-BLACKOUT/TEXTURE.BLACKOUT/SAVAGE_CUB_AIRFRAME_LANDING_GEARS_ALBD.PNG.DDS.json",
      "size": 1,
      "date": 132400215225729553
    },
    {
      "path": "SimObjects/Airplanes/Asobo_Savage_Cub-BLACKOUT/TEXTURE.BLACKOUT/SAVAGE_CUB_AIRFRAME_WINGS_ALBD.PNG.DDS",
      "size": 1,
      "date": 132400215225729553
    },
    {
      "path": "SimObjects/Airplanes/Asobo_Savage_Cub-BLACKOUT/TEXTURE.BLACKOUT/SAVAGE_CUB_AIRFRAME_WINGS_ALBD.PNG.DDS.json",
      "size": 1,
      "date": 132400215225729553
    },
    {
      "path": "SimObjects/Airplanes/Asobo_Savage_Cub-BLACKOUT/TEXTURE.BLACKOUT/SAVAGE_CUB_COCKPIT_FLOOR_BACK_ALBD.PNG.DDS",
      "size": 1,
      "date": 132400215225729553
    },
    {
      "path": "SimObjects/Airplanes/Asobo_Savage_Cub-BLACKOUT/TEXTURE.BLACKOUT/SAVAGE_CUB_COCKPIT_FLOOR_BACK_ALBD.PNG.DDS.json",
      "size": 1,
      "date": 132400215225729553
    },
    {
      "path": "SimObjects/Airplanes/Asobo_Savage_Cub-BLACKOUT/TEXTURE.BLACKOUT/SAVAGE_CUB_COCKPIT_INPUTS_ALBD.PNG.DDS",
      "size": 1,
      "date": 132400215225729553
    },
    {
      "path": "SimObjects/Airplanes/Asobo_Savage_Cub-BLACKOUT/TEXTURE.BLACKOUT/SAVAGE_CUB_COCKPIT_INPUTS_ALBD.PNG.DDS.json",
      "size": 1,
      "date": 132400215225729553
    },
    {
      "path": "SimObjects/Airplanes/Asobo_Savage_Cub-BLACKOUT/TEXTURE.BLACKOUT/SAVAGE_CUB_COCKPIT_MAIN_PANEL_ALBD.PNG.DDS",
      "size": 1,
      "date": 132400215225729553
    },
    {
      "path": "SimObjects/Airplanes/Asobo_Savage_Cub-BLACKOUT/TEXTURE.BLACKOUT/SAVAGE_CUB_COCKPIT_MAIN_PANEL_ALBD.PNG.DDS.json",
      "size": 1,
      "date": 132400215225729553
    },
    {
      "path": "SimObjects/Airplanes/Asobo_Savage_Cub-BLACKOUT/TEXTURE.BLACKOUT/SAVAGE_CUB_COCKPIT_PEDALS_ALBD.PNG.DDS",
      "size": 1,
      "date": 132400215225729553
    },
    {
      "path": "SimObjects/Airplanes/Asobo_Savage_Cub-BLACKOUT/TEXTURE.BLACKOUT/SAVAGE_CUB_COCKPIT_PEDALS_ALBD.PNG.DDS.json",
      "size": 1,
      "date": 132400215225729553
    },
    {
      "path": "SimObjects/Airplanes/Asobo_Savage_Cub-BLACKOUT/TEXTURE.BLACKOUT/SAVAGE_CUB_COCKPIT_SIDES_ALBD.PNG.DDS",
      "size": 1,
      "date": 132400215225729553
    },
    {
      "path": "SimObjects/Airplanes/Asobo_Savage_Cub-BLACKOUT/TEXTURE.BLACKOUT/SAVAGE_CUB_COCKPIT_SIDES_ALBD.PNG.DDS.json",
      "size": 1,
      "date": 132400215225729553
    },
    {
      "path": "SimObjects/Airplanes/Asobo_Savage_Cub-BLACKOUT/TEXTURE.BLACKOUT/texture.CFG",
      "size": 1,
      "date": 132400215225729553
    },
    {
      "path": "SimObjects/Airplanes/Asobo_Savage_Cub-BLACKOUT/TEXTURE.BLACKOUT/thumbnail.jpg",
      "size": 1,
      "date": 132400215225729553
    },
    {
      "path": "SimObjects/Airplanes/Asobo_Savage_Cub-BLACKOUT/TEXTURE.BLACKOUT/thumbnail_small.jpg",
      "size": 1,
      "date": 132400215225729553
    },
    {
      "path": "SimObjects/Airplanes/Asobo_Savage_Cub-BLACKOUT/MODEL.MAIN/model.CFG",
      "size": 1,
      "date": 132400215225729553
    }
  ]
}