{
  "content": [
  	{
      "path": "SimObjects/Airplanes/Asobo_A320_NEO-SAUDIGULF/MODEL.MAIN/model.cfg",
      "size": 884,
      "date": 132199526930000000
    },
    {
      "path": "manifest.json",
      "size": 301,
      "date": 132437052000000000
    },
    {
      "path": "SimObjects/AirPlanes/Asobo_A320_NEO-SAUDIGULF/aircraft.cfg",
      "size": 10060,
      "date": 132367900270000000
    },
    {
      "path": "SimObjects/Airplanes/Asobo_A320_NEO-SAUDIGULF/TEXTURE.SAUDIGULF/A320NEO_AIRFRAME_DECALS_ALBD.PNG.dds",
      "size": 1,
      "date": 132400215225729553
    },
    {
      "path": "SimObjects/Airplanes/Asobo_A320_NEO-SAUDIGULF/TEXTURE.SAUDIGULF/A320NEO_AIRFRAME_DECALS_ALBD.PNG.DDS.json",
      "size": 1,
      "date": 132400215225729553
    },
    {
      "path": "SimObjects/Airplanes/Asobo_A320_NEO-SAUDIGULF/TEXTURE.SAUDIGULF/A320NEO_AIRFRAME_ENGINES_ALBD.PNG.dds",
      "size": 1,
      "date": 132400215225729553
    },
    {
      "path": "SimObjects/Airplanes/Asobo_A320_NEO-SAUDIGULF/TEXTURE.SAUDIGULF/A320NEO_AIRFRAME_ENGINES_COMP.PNG.DDS.json",
      "size": 1,
      "date": 132400215225729553
    },
    {
      "path": "SimObjects/Airplanes/Asobo_A320_NEO-SAUDIGULF/TEXTURE.SAUDIGULF/A320NEO_AIRFRAME_FUSELAGE_ALBD.PNG.dds",
      "size": 1,
      "date": 132400215225729553
    },
    {
      "path": "SimObjects/Airplanes/Asobo_A320_NEO-SAUDIGULF/TEXTURE.SAUDIGULF/A320NEO_AIRFRAME_FUSELAGE_ALBD.PNG.DDS.json",
      "size": 1,
      "date": 132400215225729553
    },
    {
      "path": "SimObjects/Airplanes/Asobo_A320_NEO-SAUDIGULF/TEXTURE.SAUDIGULF/A320NEO_AIRFRAME_FUSELAGE_COMP.PNG.dds",
      "size": 1,
      "date": 132400215225729553
    },
    {
      "path": "SimObjects/Airplanes/Asobo_A320_NEO-SAUDIGULF/TEXTURE.SAUDIGULF/A320NEO_AIRFRAME_FUSELAGE_COMP.PNG.DDS.json",
      "size": 1,
      "date": 132400215225729553
    },
    {
      "path": "SimObjects/Airplanes/Asobo_A320_NEO-SAUDIGULF/TEXTURE.SAUDIGULF/A320NEO_AIRFRAME_LIVERY_ALBD.PNG.DDS",
      "size": 1,
      "date": 132400215225729553
    },
    {
      "path": "SimObjects/Airplanes/Asobo_A320_NEO-SAUDIGULF/TEXTURE.SAUDIGULF/A320NEO_AIRFRAME_LIVERY_ALBD.PNG.DDS.json",
      "size": 1,
      "date": 132400215225729553
    },
    {
      "path": "SimObjects/Airplanes/Asobo_A320_NEO-SAUDIGULF/TEXTURE.SAUDIGULF/A320NEO_AIRFRAME_LIVERY_TEXTS_ALBD.PNG.dds",
      "size": 1,
      "date": 132400215225729553
    },
    {
      "path": "SimObjects/Airplanes/Asobo_A320_NEO-SAUDIGULF/TEXTURE.SAUDIGULF/A320NEO_AIRFRAME_LIVERY_TEXTS_ALBD.PNG.DDS.json",
      "size": 1,
      "date": 132400215225729553
    },
    {
      "path": "SimObjects/Airplanes/Asobo_A320_NEO-SAUDIGULF/TEXTURE.SAUDIGULF/A320NEO_AIRFRAME_WINGS_ALBD.PNG.DDS",
      "size": 1,
      "date": 132400215225729553
    },
    {
      "path": "SimObjects/Airplanes/Asobo_A320_NEO-SAUDIGULF/TEXTURE.SAUDIGULF/A320NEO_AIRFRAME_WINGS_ALBD.PNG.DDS.json",
      "size": 1,
      "date": 132400215225729553
    },
    {
      "path": "SimObjects/Airplanes/Asobo_A320_NEO-SAUDIGULF/TEXTURE.SAUDIGULF/A320NEO_AIRFRAME_WINGS_COMP.PNG.DDS",
      "size": 1,
      "date": 132400215225729553
    },
    {
      "path": "SimObjects/Airplanes/Asobo_A320_NEO-SAUDIGULF/TEXTURE.SAUDIGULF/A320NEO_AIRFRAME_WINGS_COMP.PNG.DDS.json",
      "size": 1,
      "date": 132400215225729553
    },
    {
      "path": "SimObjects/AirPlanes/Asobo_A320_NEO-SAUDIGULF/TEXTURE.SAUDIGULF/texture.CFG",
      "size": 166,
      "date": 132243417610000000
    },
    {
      "path": "SimObjects/AirPlanes/Asobo_A320_NEO-SAUDIGULF/TEXTURE.SAUDIGULF/thumbnail.JPG",
      "size": 236335,
      "date": 132200099790000000
    },
    {
      "path": "SimObjects/AirPlanes/Asobo_A320_NEO-SAUDIGULF/TEXTURE.SAUDIGULF/thumbnail_small.JPG",
      "size": 33608,
      "date": 132270122080000000
    }
  ]
}