{
  "content": [
    {
      "path": "SimObjects/Airplanes/Asobo_XCub-SOLAR/aircraft.cfg",
      "size": 1,
      "date": 132400215225729553
    },
    {
      "path": "SimObjects/Airplanes/Asobo_XCub-SOLAR/TEXTURE.SOLAR/CUB_CRAFTER_XCUB_AIRFRAME_DETAILS_ALBD.PNG.DDS",
      "size": 1,
      "date": 132400215225729553
    },
    {
      "path": "SimObjects/Airplanes/Asobo_XCub-SOLAR/TEXTURE.SOLAR/CUB_CRAFTER_XCUB_AIRFRAME_DETAILS_ALBD.PNG.DDS.json",
      "size": 1,
      "date": 132400215225729553
    },
    {
      "path": "SimObjects/Airplanes/Asobo_XCub-SOLAR/TEXTURE.SOLAR/CUB_CRAFTER_XCUB_AIRFRAME_FUSELAGE_ALBD.PNG.DDS",
      "size": 1,
      "date": 132400215225729553
    },
    {
      "path": "SimObjects/Airplanes/Asobo_XCub-SOLAR/TEXTURE.SOLAR/CUB_CRAFTER_XCUB_AIRFRAME_FUSELAGE_ALBD.PNG.DDS.json",
      "size": 1,
      "date": 132400215225729553
    },
    {
      "path": "SimObjects/Airplanes/Asobo_XCub-SOLAR/TEXTURE.SOLAR/CUB_CRAFTER_XCUB_AIRFRAME_LIVERY_DECALS_ALBD.PNG.DDS",
      "size": 1,
      "date": 132400215225729553
    },
    {
      "path": "SimObjects/Airplanes/Asobo_XCub-SOLAR/TEXTURE.SOLAR/CUB_CRAFTER_XCUB_AIRFRAME_LIVERY_DECALS_ALBD.PNG.DDS.json",
      "size": 1,
      "date": 132400215225729553
    },
    {
      "path": "SimObjects/Airplanes/Asobo_XCub-SOLAR/TEXTURE.SOLAR/CUB_CRAFTER_XCUB_AIRFRAME_PROP_BLURRED_ALBD.PNG.DDS",
      "size": 1,
      "date": 132400215225729553
    },
    {
      "path": "SimObjects/Airplanes/Asobo_XCub-SOLAR/TEXTURE.SOLAR/CUB_CRAFTER_XCUB_AIRFRAME_PROP_BLURRED_ALBD.PNG.DDS.json",
      "size": 1,
      "date": 132400215225729553
    },
    {
      "path": "SimObjects/Airplanes/Asobo_XCub-SOLAR/TEXTURE.SOLAR/CUB_CRAFTER_XCUB_AIRFRAME_PROP_STILL_ALBD.PNG.DDS",
      "size": 1,
      "date": 132400215225729553
    },
    {
      "path": "SimObjects/Airplanes/Asobo_XCub-SOLAR/TEXTURE.SOLAR/CUB_CRAFTER_XCUB_AIRFRAME_PROP_STILL_ALBD.PNG.DDS.json",
      "size": 1,
      "date": 132400215225729553
    },
    {
      "path": "SimObjects/Airplanes/Asobo_XCub-SOLAR/TEXTURE.SOLAR/CUB_CRAFTER_XCUB_AIRFRAME_WINGS_ALBD.PNG.DDS",
      "size": 1,
      "date": 132400215225729553
    },
    {
      "path": "SimObjects/Airplanes/Asobo_XCub-SOLAR/TEXTURE.SOLAR/CUB_CRAFTER_XCUB_AIRFRAME_WINGS_ALBD.PNG.DDS.json",
      "size": 1,
      "date": 132400215225729553
    },
    {
      "path": "SimObjects/Airplanes/Asobo_XCub-SOLAR/TEXTURE.SOLAR/texture.CFG",
      "size": 1,
      "date": 132400215225729553
    },
    {
      "path": "SimObjects/Airplanes/Asobo_XCub-SOLAR/TEXTURE.SOLAR/thumbnail.JPG",
      "size": 1,
      "date": 132400215225729553
    },
    {
      "path": "SimObjects/Airplanes/Asobo_XCub-SOLAR/TEXTURE.SOLAR/thumbnail_small.JPG",
      "size": 1,
      "date": 132400215225729553
    },
    {
      "path": "SimObjects/Airplanes/Asobo_XCub-SOLAR/MODEL.MAIN/model.CFG",
      "size": 1,
      "date": 132400215225729553
    }
  ]
}