{
  "content": [
	{
	  "path": "SimObjects/AirPlanes/Asobo_A320_NEO-ATLANTIC/aircraft.cfg",
	  "size": 4098,
	  "date": 1604358940478
	},
	{
	  "path": "SimObjects/AirPlanes/Asobo_A320_NEO-ATLANTIC/MODEL.AIATLANTIC/model.cfg",
	  "size": 249,
	  "date": 315576060000
	},
	{
	  "path": "SimObjects/AirPlanes/Asobo_A320_NEO-ATLANTIC/MODEL.MAIN/model.CFG",
	  "size": 938,
	  "date": 1604336826936
	},
	{
	  "path": "SimObjects/AirPlanes/Asobo_A320_NEO-ATLANTIC/TEXTURE.ATLANTIC/A320NEO_AIRFRAME_ENGINES_ALBD.PNG.DDS",
	  "size": 16777364,
	  "date": 1600304245432
	},
	{
	  "path": "SimObjects/AirPlanes/Asobo_A320_NEO-ATLANTIC/TEXTURE.ATLANTIC/A320NEO_AIRFRAME_ENGINES_ALBD.PNG.DDS.json",
	  "size": 102,
	  "date": 1596825798000
	},
	{
	  "path": "SimObjects/AirPlanes/Asobo_A320_NEO-ATLANTIC/TEXTURE.ATLANTIC/A320NEO_AIRFRAME_FUSELAGE_ALBD.PNG.dds",
	  "size": 22369796,
	  "date": 1604370669574
	},
	{
	  "path": "SimObjects/AirPlanes/Asobo_A320_NEO-ATLANTIC/TEXTURE.ATLANTIC/A320NEO_AIRFRAME_FUSELAGE_ALBD.PNG.DDS.json",
	  "size": 102,
	  "date": 1596825798000
	},
	{
	  "path": "SimObjects/AirPlanes/Asobo_A320_NEO-ATLANTIC/TEXTURE.ATLANTIC/A320NEO_AIRFRAME_FUSELAGE_COMP.PNG.dds",
	  "size": 5592580,
	  "date": 1603417012686
	},
	{
	  "path": "SimObjects/AirPlanes/Asobo_A320_NEO-ATLANTIC/TEXTURE.ATLANTIC/A320NEO_AIRFRAME_FUSELAGE_COMP.PNG.DDS.json",
	  "size": 191,
	  "date": 1599520642335
	},
	{
	  "path": "SimObjects/AirPlanes/Asobo_A320_NEO-ATLANTIC/TEXTURE.ATLANTIC/A320NEO_AIRFRAME_LIVERY_ALBD.PNG.DDS",
	  "size": 4194432,
	  "date": 1599488976194
	},
	{
	  "path": "SimObjects/AirPlanes/Asobo_A320_NEO-ATLANTIC/TEXTURE.ATLANTIC/A320NEO_AIRFRAME_LIVERY_ALBD.PNG.DDS.json",
	  "size": 119,
	  "date": 1596102912000
	},
	{
	  "path": "SimObjects/AirPlanes/Asobo_A320_NEO-ATLANTIC/TEXTURE.ATLANTIC/A320NEO_AIRFRAME_LIVERY_TEXTS_ALBD.PNG.dds",
	  "size": 4194432,
	  "date": 1598487074437
	},
	{
	  "path": "SimObjects/AirPlanes/Asobo_A320_NEO-ATLANTIC/TEXTURE.ATLANTIC/A320NEO_AIRFRAME_LIVERY_TEXTS_ALBD.PNG.DDS.json",
	  "size": 119,
	  "date": 1596102912000
	},
	{
	  "path": "SimObjects/AirPlanes/Asobo_A320_NEO-ATLANTIC/TEXTURE.ATLANTIC/A320NEO_AIRFRAME_WINGS_ALBD.PNG.DDS",
	  "size": 16777364,
	  "date": 1600352192014
	},
	{
	  "path": "SimObjects/AirPlanes/Asobo_A320_NEO-ATLANTIC/TEXTURE.ATLANTIC/A320NEO_AIRFRAME_WINGS_ALBD.PNG.DDS.json",
	  "size": 102,
	  "date": 1596825798000
	},
	{
	  "path": "SimObjects/AirPlanes/Asobo_A320_NEO-ATLANTIC/TEXTURE.ATLANTIC/A320NEO_COCKPIT_OVERHEAD_ALBD.PNG.DDS.json",
	  "size": 102,
	  "date": 1597693350000
	},
	{
	  "path": "SimObjects/AirPlanes/Asobo_A320_NEO-ATLANTIC/TEXTURE.ATLANTIC/texture.CFG",
	  "size": 205,
	  "date": 1599312384891
	},
	{
	  "path": "SimObjects/AirPlanes/Asobo_A320_NEO-ATLANTIC/TEXTURE.ATLANTIC/thumbnail.jpg",
	  "size": 248926,
	  "date": 1600352577734
	},
	{
	  "path": "SimObjects/AirPlanes/Asobo_A320_NEO-ATLANTIC/TEXTURE.ATLANTIC/thumbnail_small.jpg",
	  "size": 54396,
	  "date": 1600352632851
	}
  ]
}
