{
  "content": [
    {
      "path": "manifest.json",
      "size": 301,
      "date": 132441372000000000
    },
    {
      "path": "SimObjects/Airplanes/Asobo_B787_10-QAN100/aircraft.cfg",
      "size": 2102,
      "date": 132441372000000000
    },
    {
      "path": "SimObjects/Airplanes/Asobo_B787_10-QAN100/panel.QAN100/PANEL.CFG",
      "size": 2359,
      "date": 132441372000000000
    },
    {
      "path": "SimObjects/Airplanes/Asobo_B787_10-QAN100/TEXTURE.QAN100/787_10_AIRFRAME_787_ALBD.PNG.DDS",
      "size": 87556,
      "date": 132441372000000000
    },
    {
      "path": "SimObjects/Airplanes/Asobo_B787_10-QAN100/TEXTURE.QAN100/787_10_AIRFRAME_787_ALBD.PNG.DDS.json",
      "size": 119,
      "date": 132441372000000000
    },
    {
      "path": "SimObjects/Airplanes/Asobo_B787_10-QAN100/TEXTURE.QAN100/787_10_AIRFRAME_DECALS2_ALBD.PNG.dds",
      "size": 5592580,
      "date": 132441372000000000
    },
    {
      "path": "SimObjects/Airplanes/Asobo_B787_10-QAN100/TEXTURE.QAN100/787_10_AIRFRAME_DECALS2_ALBD.PNG.DDS.FLAGS",
      "size": 18,
      "date": 132441372000000000
    },
    {
      "path": "SimObjects/Airplanes/Asobo_B787_10-QAN100/TEXTURE.QAN100/787_10_AIRFRAME_DECALS2_ALBD.PNG.DDS.json",
      "size": 119,
      "date": 132441372000000000
    },
    {
      "path": "SimObjects/Airplanes/Asobo_B787_10-QAN100/TEXTURE.QAN100/787_10_AIRFRAME_ENGINE_ALBD.PNG.DDS",
      "size": 5592580,
      "date": 132441372000000000
    },
    {
      "path": "SimObjects/Airplanes/Asobo_B787_10-QAN100/TEXTURE.QAN100/787_10_AIRFRAME_ENGINE_ALBD.PNG.DDS.json",
      "size": 102,
      "date": 132441372000000000
    },
    {
      "path": "SimObjects/Airplanes/Asobo_B787_10-QAN100/TEXTURE.QAN100/787_10_AIRFRAME_FUSELAGE1_ALBD.PNG.DDS",
      "size": 22369796,
      "date": 132441372000000000
    },
    {
      "path": "SimObjects/Airplanes/Asobo_B787_10-QAN100/TEXTURE.QAN100/787_10_AIRFRAME_FUSELAGE1_ALBD.PNG.DDS.json",
      "size": 102,
      "date": 132441372000000000
    },
    {
      "path": "SimObjects/Airplanes/Asobo_B787_10-QAN100/TEXTURE.QAN100/787_10_AIRFRAME_FUSELAGE2_ALBD.PNG.DDS",
      "size": 22369796,
      "date": 132441372000000000
    },
    {
      "path": "SimObjects/Airplanes/Asobo_B787_10-QAN100/TEXTURE.QAN100/787_10_AIRFRAME_FUSELAGE2_ALBD.PNG.DDS.json",
      "size": 102,
      "date": 132441372000000000
    },
    {
      "path": "SimObjects/Airplanes/Asobo_B787_10-QAN100/TEXTURE.QAN100/787_10_AIRFRAME_LIVERY1_ALBD.PNG.DDS",
      "size": 87556,
      "date": 132441372000000000
    },
    {
      "path": "SimObjects/Airplanes/Asobo_B787_10-QAN100/TEXTURE.QAN100/787_10_AIRFRAME_LIVERY1_ALBD.PNG.DDS.json",
      "size": 119,
      "date": 132441372000000000
    },
    {
      "path": "SimObjects/Airplanes/Asobo_B787_10-QAN100/TEXTURE.QAN100/787_10_AIRFRAME_LIVERY2_ALBD.PNG.DDS",
      "size": 87556,
      "date": 132441372000000000
    },
    {
      "path": "SimObjects/Airplanes/Asobo_B787_10-QAN100/TEXTURE.QAN100/787_10_AIRFRAME_LIVERY2_ALBD.PNG.DDS.json",
      "size": 119,
      "date": 132441372000000000
    },
    {
      "path": "SimObjects/Airplanes/Asobo_B787_10-QAN100/TEXTURE.QAN100/787_10_AIRFRAME_TAIL_ALBD.PNG.DDS",
      "size": 22369796,
      "date": 132441372000000000
    },
    {
      "path": "SimObjects/Airplanes/Asobo_B787_10-QAN100/TEXTURE.QAN100/787_10_AIRFRAME_TAIL_ALBD.PNG.DDS.json",
      "size": 102,
      "date": 132441372000000000
    },
    {
      "path": "SimObjects/Airplanes/Asobo_B787_10-QAN100/TEXTURE.QAN100/texture.CFG",
      "size": 229,
      "date": 132441372000000000
    },
    {
      "path": "SimObjects/Airplanes/Asobo_B787_10-QAN100/TEXTURE.QAN100/thumbnail.JPG",
      "size": 323204,
      "date": 132441372000000000
    },
    {
      "path": "SimObjects/Airplanes/Asobo_B787_10-QAN100/TEXTURE.QAN100/thumbnail_small.JPG",
      "size": 74684,
      "date": 132441372000000000
    },
    {
      "path": "SimObjects/Airplanes/Asobo_B787_10-QAN100/MODEL.MAIN/model.CFG",
      "size": 2102,
      "date": 132441372000000000
    }
  ]
}